M_planet (M_Earth),M_planet (kg),Pressure (bar),Total Delta-V (km/s)
5.000000e-01,2.986000e+24,1.000000e-01,9.975008e+00
5.000000e-01,2.986000e+24,1.172102e-01,9.976662e+00
5.000000e-01,2.986000e+24,1.373824e-01,9.978601e+00
5.000000e-01,2.986000e+24,1.610262e-01,9.980873e+00
5.000000e-01,2.986000e+24,1.887392e-01,9.983534e+00
5.000000e-01,2.986000e+24,2.212216e-01,9.986651e+00
5.000000e-01,2.986000e+24,2.592944e-01,9.990303e+00
5.000000e-01,2.986000e+24,3.039195e-01,9.994580e+00
5.000000e-01,2.986000e+24,3.562248e-01,9.999589e+00
5.000000e-01,2.986000e+24,4.175319e-01,1.000545e+01
5.000000e-01,2.986000e+24,4.893901e-01,1.001232e+01
5.000000e-01,2.986000e+24,5.736153e-01,1.002036e+01
5.000000e-01,2.986000e+24,6.723358e-01,1.002976e+01
5.000000e-01,2.986000e+24,7.880463e-01,1.004077e+01
5.000000e-01,2.986000e+24,9.236709e-01,1.005364e+01
5.000000e-01,2.986000e+24,1.000000e+00,1.006087e+01
5.000000e-01,2.986000e+24,1.082637e+00,1.006868e+01
5.000000e-01,2.986000e+24,1.268961e+00,1.008626e+01
5.000000e-01,2.986000e+24,1.487352e+00,1.010679e+01
5.000000e-01,2.986000e+24,1.743329e+00,1.013075e+01
5.000000e-01,2.986000e+24,2.043360e+00,1.015868e+01
5.000000e-01,2.986000e+24,2.395027e+00,1.019124e+01
5.000000e-01,2.986000e+24,2.807216e+00,1.022912e+01
5.000000e-01,2.986000e+24,3.290345e+00,1.027315e+01
5.000000e-01,2.986000e+24,3.856620e+00,1.032423e+01
5.000000e-01,2.986000e+24,4.520354e+00,1.038340e+01
5.000000e-01,2.986000e+24,5.298317e+00,1.045175e+01
5.000000e-01,2.986000e+24,6.210169e+00,1.053050e+01
5.000000e-01,2.986000e+24,7.278954e+00,1.062091e+01
5.000000e-01,2.986000e+24,8.531679e+00,1.072423e+01
5.000000e-01,2.986000e+24,1.000000e+01,1.084167e+01
5.390948e-01,3.219474e+24,1.000000e-01,1.023883e+01
5.390948e-01,3.219474e+24,1.172102e-01,1.024039e+01
5.390948e-01,3.219474e+24,1.373824e-01,1.024223e+01
5.390948e-01,3.219474e+24,1.610262e-01,1.024438e+01
5.390948e-01,3.219474e+24,1.887392e-01,1.024690e+01
5.390948e-01,3.219474e+24,2.212216e-01,1.024985e+01
5.390948e-01,3.219474e+24,2.592944e-01,1.025331e+01
5.390948e-01,3.219474e+24,3.039195e-01,1.025736e+01
5.390948e-01,3.219474e+24,3.562248e-01,1.026210e+01
5.390948e-01,3.219474e+24,4.175319e-01,1.026766e+01
5.390948e-01,3.219474e+24,4.893901e-01,1.027416e+01
5.390948e-01,3.219474e+24,5.736153e-01,1.028177e+01
5.390948e-01,3.219474e+24,6.723358e-01,1.029067e+01
5.390948e-01,3.219474e+24,7.880463e-01,1.030108e+01
5.390948e-01,3.219474e+24,9.236709e-01,1.031326e+01
5.390948e-01,3.219474e+24,1.000000e+00,1.032010e+01
5.390948e-01,3.219474e+24,1.082637e+00,1.032750e+01
5.390948e-01,3.219474e+24,1.268961e+00,1.034413e+01
5.390948e-01,3.219474e+24,1.487352e+00,1.036356e+01
5.390948e-01,3.219474e+24,1.743329e+00,1.038622e+01
5.390948e-01,3.219474e+24,2.043360e+00,1.041264e+01
5.390948e-01,3.219474e+24,2.395027e+00,1.044342e+01
5.390948e-01,3.219474e+24,2.807216e+00,1.047923e+01
5.390948e-01,3.219474e+24,3.290345e+00,1.052083e+01
5.390948e-01,3.219474e+24,3.856620e+00,1.056909e+01
5.390948e-01,3.219474e+24,4.520354e+00,1.062495e+01
5.390948e-01,3.219474e+24,5.298317e+00,1.068945e+01
5.390948e-01,3.219474e+24,6.210169e+00,1.076371e+01
5.390948e-01,3.219474e+24,7.278954e+00,1.084888e+01
5.390948e-01,3.219474e+24,8.531679e+00,1.094615e+01
5.390948e-01,3.219474e+24,1.000000e+01,1.105657e+01
5.812463e-01,3.471203e+24,1.000000e-01,1.050979e+01
5.812463e-01,3.471203e+24,1.172102e-01,1.051127e+01
5.812463e-01,3.471203e+24,1.373824e-01,1.051301e+01
5.812463e-01,3.471203e+24,1.610262e-01,1.051504e+01
5.812463e-01,3.471203e+24,1.887392e-01,1.051743e+01
5.812463e-01,3.471203e+24,2.212216e-01,1.052022e+01
5.812463e-01,3.471203e+24,2.592944e-01,1.052349e+01
5.812463e-01,3.471203e+24,3.039195e-01,1.052732e+01
5.812463e-01,3.471203e+24,3.562248e-01,1.053180e+01
5.812463e-01,3.471203e+24,4.175319e-01,1.053705e+01
5.812463e-01,3.471203e+24,4.893901e-01,1.054320e+01
5.812463e-01,3.471203e+24,5.736153e-01,1.055039e+01
5.812463e-01,3.471203e+24,6.723358e-01,1.055881e+01
5.812463e-01,3.471203e+24,7.880463e-01,1.056865e+01
5.812463e-01,3.471203e+24,9.236709e-01,1.058016e+01
5.812463e-01,3.471203e+24,1.000000e+00,1.058663e+01
5.812463e-01,3.471203e+24,1.082637e+00,1.059362e+01
5.812463e-01,3.471203e+24,1.268961e+00,1.060933e+01
5.812463e-01,3.471203e+24,1.487352e+00,1.062768e+01
5.812463e-01,3.471203e+24,1.743329e+00,1.064909e+01
5.812463e-01,3.471203e+24,2.043360e+00,1.067405e+01
5.812463e-01,3.471203e+24,2.395027e+00,1.070311e+01
5.812463e-01,3.471203e+24,2.807216e+00,1.073690e+01
5.812463e-01,3.471203e+24,3.290345e+00,1.077616e+01
5.812463e-01,3.471203e+24,3.856620e+00,1.082167e+01
5.812463e-01,3.471203e+24,4.520354e+00,1.087433e+01
5.812463e-01,3.471203e+24,5.298317e+00,1.093510e+01
5.812463e-01,3.471203e+24,6.210169e+00,1.100502e+01
5.812463e-01,3.471203e+24,7.278954e+00,1.108515e+01
5.812463e-01,3.471203e+24,8.531679e+00,1.117656e+01
5.812463e-01,3.471203e+24,1.000000e+01,1.128021e+01
6.266937e-01,3.742615e+24,1.000000e-01,1.078810e+01
6.266937e-01,3.742615e+24,1.172102e-01,1.078950e+01
6.266937e-01,3.742615e+24,1.373824e-01,1.079114e+01
6.266937e-01,3.742615e+24,1.610262e-01,1.079306e+01
6.266937e-01,3.742615e+24,1.887392e-01,1.079531e+01
6.266937e-01,3.742615e+24,2.212216e-01,1.079794e+01
6.266937e-01,3.742615e+24,2.592944e-01,1.080103e+01
6.266937e-01,3.742615e+24,3.039195e-01,1.080464e+01
6.266937e-01,3.742615e+24,3.562248e-01,1.080888e+01
6.266937e-01,3.742615e+24,4.175319e-01,1.081384e+01
6.266937e-01,3.742615e+24,4.893901e-01,1.081964e+01
6.266937e-01,3.742615e+24,5.736153e-01,1.082643e+01
6.266937e-01,3.742615e+24,6.723358e-01,1.083437e+01
6.266937e-01,3.742615e+24,7.880463e-01,1.084366e+01
6.266937e-01,3.742615e+24,9.236709e-01,1.085453e+01
6.266937e-01,3.742615e+24,1.000000e+00,1.086063e+01
6.266937e-01,3.742615e+24,1.082637e+00,1.086722e+01
6.266937e-01,3.742615e+24,1.268961e+00,1.088205e+01
6.266937e-01,3.742615e+24,1.487352e+00,1.089936e+01
6.266937e-01,3.742615e+24,1.743329e+00,1.091956e+01
6.266937e-01,3.742615e+24,2.043360e+00,1.094309e+01
6.266937e-01,3.742615e+24,2.395027e+00,1.097048e+01
6.266937e-01,3.742615e+24,2.807216e+00,1.100234e+01
6.266937e-01,3.742615e+24,3.290345e+00,1.103932e+01
6.266937e-01,3.742615e+24,3.856620e+00,1.108218e+01
6.266937e-01,3.742615e+24,4.520354e+00,1.113174e+01
6.266937e-01,3.742615e+24,5.298317e+00,1.118890e+01
6.266937e-01,3.742615e+24,6.210169e+00,1.125462e+01
6.266937e-01,3.742615e+24,7.278954e+00,1.132988e+01
6.266937e-01,3.742615e+24,8.531679e+00,1.141563e+01
6.266937e-01,3.742615e+24,1.000000e+01,1.151274e+01
6.756945e-01,4.035248e+24,1.000000e-01,1.107394e+01
6.756945e-01,4.035248e+24,1.172102e-01,1.107526e+01
6.756945e-01,4.035248e+24,1.373824e-01,1.107681e+01
6.756945e-01,4.035248e+24,1.610262e-01,1.107862e+01
6.756945e-01,4.035248e+24,1.887392e-01,1.108074e+01
6.756945e-01,4.035248e+24,2.212216e-01,1.108323e+01
6.756945e-01,4.035248e+24,2.592944e-01,1.108614e+01
6.756945e-01,4.035248e+24,3.039195e-01,1.108954e+01
6.756945e-01,4.035248e+24,3.562248e-01,1.109354e+01
6.756945e-01,4.035248e+24,4.175319e-01,1.109821e+01
6.756945e-01,4.035248e+24,4.893901e-01,1.110368e+01
6.756945e-01,4.035248e+24,5.736153e-01,1.111008e+01
6.756945e-01,4.035248e+24,6.723358e-01,1.111756e+01
6.756945e-01,4.035248e+24,7.880463e-01,1.112632e+01
6.756945e-01,4.035248e+24,9.236709e-01,1.113656e+01
6.756945e-01,4.035248e+24,1.000000e+00,1.114230e+01
6.756945e-01,4.035248e+24,1.082637e+00,1.114852e+01
6.756945e-01,4.035248e+24,1.268961e+00,1.116249e+01
6.756945e-01,4.035248e+24,1.487352e+00,1.117879e+01
6.756945e-01,4.035248e+24,1.743329e+00,1.119780e+01
6.756945e-01,4.035248e+24,2.043360e+00,1.121996e+01
6.756945e-01,4.035248e+24,2.395027e+00,1.124574e+01
6.756945e-01,4.035248e+24,2.807216e+00,1.127571e+01
6.756945e-01,4.035248e+24,3.290345e+00,1.131050e+01
6.756945e-01,4.035248e+24,3.856620e+00,1.135079e+01
6.756945e-01,4.035248e+24,4.520354e+00,1.139736e+01
6.756945e-01,4.035248e+24,5.298317e+00,1.145103e+01
6.756945e-01,4.035248e+24,6.210169e+00,1.151270e+01
6.756945e-01,4.035248e+24,7.278954e+00,1.158324e+01
6.756945e-01,4.035248e+24,8.531679e+00,1.166353e+01
6.756945e-01,4.035248e+24,1.000000e+01,1.175433e+01
7.285268e-01,4.350762e+24,1.000000e-01,1.136754e+01
7.285268e-01,4.350762e+24,1.172102e-01,1.136878e+01
7.285268e-01,4.350762e+24,1.373824e-01,1.137023e+01
7.285268e-01,4.350762e+24,1.610262e-01,1.137194e+01
7.285268e-01,4.350762e+24,1.887392e-01,1.137393e+01
7.285268e-01,4.350762e+24,2.212216e-01,1.137627e+01
7.285268e-01,4.350762e+24,2.592944e-01,1.137901e+01
7.285268e-01,4.350762e+24,3.039195e-01,1.138222e+01
7.285268e-01,4.350762e+24,3.562248e-01,1.138598e+01
7.285268e-01,4.350762e+24,4.175319e-01,1.139037e+01
7.285268e-01,4.350762e+24,4.893901e-01,1.139552e+01
7.285268e-01,4.350762e+24,5.736153e-01,1.140154e+01
7.285268e-01,4.350762e+24,6.723358e-01,1.140858e+01
7.285268e-01,4.350762e+24,7.880463e-01,1.141682e+01
7.285268e-01,4.350762e+24,9.236709e-01,1.142645e+01
7.285268e-01,4.350762e+24,1.000000e+00,1.143186e+01
7.285268e-01,4.350762e+24,1.082637e+00,1.143770e+01
7.285268e-01,4.350762e+24,1.268961e+00,1.145084e+01
7.285268e-01,4.350762e+24,1.487352e+00,1.146617e+01
7.285268e-01,4.350762e+24,1.743329e+00,1.148404e+01
7.285268e-01,4.350762e+24,2.043360e+00,1.150486e+01
7.285268e-01,4.350762e+24,2.395027e+00,1.152908e+01
7.285268e-01,4.350762e+24,2.807216e+00,1.155723e+01
7.285268e-01,4.350762e+24,3.290345e+00,1.158989e+01
7.285268e-01,4.350762e+24,3.856620e+00,1.162770e+01
7.285268e-01,4.350762e+24,4.520354e+00,1.167138e+01
7.285268e-01,4.350762e+24,5.298317e+00,1.172168e+01
7.285268e-01,4.350762e+24,6.210169e+00,1.177943e+01
7.285268e-01,4.350762e+24,7.278954e+00,1.184542e+01
7.285268e-01,4.350762e+24,8.531679e+00,1.192044e+01
7.285268e-01,4.350762e+24,1.000000e+01,1.204105e+01
7.854899e-01,4.690946e+24,1.000000e-01,1.166909e+01
7.854899e-01,4.690946e+24,1.172102e-01,1.167025e+01
7.854899e-01,4.690946e+24,1.373824e-01,1.167162e+01
7.854899e-01,4.690946e+24,1.610262e-01,1.167322e+01
7.854899e-01,4.690946e+24,1.887392e-01,1.167510e+01
7.854899e-01,4.690946e+24,2.212216e-01,1.167730e+01
7.854899e-01,4.690946e+24,2.592944e-01,1.167987e+01
7.854899e-01,4.690946e+24,3.039195e-01,1.168288e+01
7.854899e-01,4.690946e+24,3.562248e-01,1.168641e+01
7.854899e-01,4.690946e+24,4.175319e-01,1.169054e+01
7.854899e-01,4.690946e+24,4.893901e-01,1.169537e+01
7.854899e-01,4.690946e+24,5.736153e-01,1.170103e+01
7.854899e-01,4.690946e+24,6.723358e-01,1.170764e+01
7.854899e-01,4.690946e+24,7.880463e-01,1.171538e+01
7.854899e-01,4.690946e+24,9.236709e-01,1.172442e+01
7.854899e-01,4.690946e+24,1.000000e+00,1.172950e+01
7.854899e-01,4.690946e+24,1.082637e+00,1.173498e+01
7.854899e-01,4.690946e+24,1.268961e+00,1.174731e+01
7.854899e-01,4.690946e+24,1.487352e+00,1.176170e+01
7.854899e-01,4.690946e+24,1.743329e+00,1.177847e+01
7.854899e-01,4.690946e+24,2.043360e+00,1.179800e+01
7.854899e-01,4.690946e+24,2.395027e+00,1.182072e+01
7.854899e-01,4.690946e+24,2.807216e+00,1.184710e+01
7.854899e-01,4.690946e+24,3.290345e+00,1.187770e+01
7.854899e-01,4.690946e+24,3.856620e+00,1.191311e+01
7.854899e-01,4.690946e+24,4.520354e+00,1.195399e+01
7.854899e-01,4.690946e+24,5.298317e+00,1.200105e+01
7.854899e-01,4.690946e+24,6.210169e+00,1.205501e+01
7.854899e-01,4.690946e+24,7.278954e+00,1.211661e+01
7.854899e-01,4.690946e+24,8.531679e+00,1.221335e+01
7.854899e-01,4.690946e+24,1.000000e+01,1.230308e+01
8.469070e-01,5.057729e+24,1.000000e-01,1.197881e+01
8.469070e-01,5.057729e+24,1.172102e-01,1.197991e+01
8.469070e-01,5.057729e+24,1.373824e-01,1.198119e+01
8.469070e-01,5.057729e+24,1.610262e-01,1.198269e+01
8.469070e-01,5.057729e+24,1.887392e-01,1.198445e+01
8.469070e-01,5.057729e+24,2.212216e-01,1.198651e+01
8.469070e-01,5.057729e+24,2.592944e-01,1.198892e+01
8.469070e-01,5.057729e+24,3.039195e-01,1.199175e+01
8.469070e-01,5.057729e+24,3.562248e-01,1.199505e+01
8.469070e-01,5.057729e+24,4.175319e-01,1.199893e+01
8.469070e-01,5.057729e+24,4.893901e-01,1.200346e+01
8.469070e-01,5.057729e+24,5.736153e-01,1.200876e+01
8.469070e-01,5.057729e+24,6.723358e-01,1.201496e+01
8.469070e-01,5.057729e+24,7.880463e-01,1.202221e+01
8.469070e-01,5.057729e+24,9.236709e-01,1.203068e+01
8.469070e-01,5.057729e+24,1.000000e+00,1.203544e+01
8.469070e-01,5.057729e+24,1.082637e+00,1.204058e+01
8.469070e-01,5.057729e+24,1.268961e+00,1.205213e+01
8.469070e-01,5.057729e+24,1.487352e+00,1.206560e+01
8.469070e-01,5.057729e+24,1.743329e+00,1.208130e+01
8.469070e-01,5.057729e+24,2.043360e+00,1.209959e+01
8.469070e-01,5.057729e+24,2.395027e+00,1.212085e+01
8.469070e-01,5.057729e+24,2.807216e+00,1.214553e+01
8.469070e-01,5.057729e+24,3.290345e+00,1.217414e+01
8.469070e-01,5.057729e+24,3.856620e+00,1.220724e+01
8.469070e-01,5.057729e+24,4.520354e+00,1.224542e+01
8.469070e-01,5.057729e+24,5.298317e+00,1.228932e+01
8.469070e-01,5.057729e+24,6.210169e+00,1.233963e+01
8.469070e-01,5.057729e+24,7.278954e+00,1.239700e+01
8.469070e-01,5.057729e+24,8.531679e+00,1.249000e+01
8.469070e-01,5.057729e+24,1.000000e+01,1.257446e+01
9.131262e-01,5.453190e+24,1.000000e-01,1.229693e+01
9.131262e-01,5.453190e+24,1.172102e-01,1.229796e+01
9.131262e-01,5.453190e+24,1.373824e-01,1.229916e+01
9.131262e-01,5.453190e+24,1.610262e-01,1.230056e+01
9.131262e-01,5.453190e+24,1.887392e-01,1.230221e+01
9.131262e-01,5.453190e+24,2.212216e-01,1.230413e+01
9.131262e-01,5.453190e+24,2.592944e-01,1.230639e+01
9.131262e-01,5.453190e+24,3.039195e-01,1.230904e+01
9.131262e-01,5.453190e+24,3.562248e-01,1.231213e+01
9.131262e-01,5.453190e+24,4.175319e-01,1.231575e+01
9.131262e-01,5.453190e+24,4.893901e-01,1.231999e+01
9.131262e-01,5.453190e+24,5.736153e-01,1.232495e+01
9.131262e-01,5.453190e+24,6.723358e-01,1.233075e+01
9.131262e-01,5.453190e+24,7.880463e-01,1.233753e+01
9.131262e-01,5.453190e+24,9.236709e-01,1.234545e+01
9.131262e-01,5.453190e+24,1.000000e+00,1.234990e+01
9.131262e-01,5.453190e+24,1.082637e+00,1.235470e+01
9.131262e-01,5.453190e+24,1.268961e+00,1.236550e+01
9.131262e-01,5.453190e+24,1.487352e+00,1.237809e+01
9.131262e-01,5.453190e+24,1.743329e+00,1.239276e+01
9.131262e-01,5.453190e+24,2.043360e+00,1.240984e+01
9.131262e-01,5.453190e+24,2.395027e+00,1.242969e+01
9.131262e-01,5.453190e+24,2.807216e+00,1.245273e+01
9.131262e-01,5.453190e+24,3.290345e+00,1.247942e+01
9.131262e-01,5.453190e+24,3.856620e+00,1.251028e+01
9.131262e-01,5.453190e+24,4.520354e+00,1.254585e+01
9.131262e-01,5.453190e+24,5.298317e+00,1.258672e+01
9.131262e-01,5.453190e+24,6.210169e+00,1.263350e+01
9.131262e-01,5.453190e+24,7.278954e+00,1.270753e+01
9.131262e-01,5.453190e+24,8.531679e+00,1.277607e+01
9.131262e-01,5.453190e+24,1.000000e+01,1.285540e+01
9.845231e-01,5.879572e+24,1.000000e-01,1.262368e+01
9.845231e-01,5.879572e+24,1.172102e-01,1.262464e+01
9.845231e-01,5.879572e+24,1.373824e-01,1.262575e+01
9.845231e-01,5.879572e+24,1.610262e-01,1.262707e+01
9.845231e-01,5.879572e+24,1.887392e-01,1.262860e+01
9.845231e-01,5.879572e+24,2.212216e-01,1.263040e+01
9.845231e-01,5.879572e+24,2.592944e-01,1.263251e+01
9.845231e-01,5.879572e+24,3.039195e-01,1.263498e+01
9.845231e-01,5.879572e+24,3.562248e-01,1.263787e+01
9.845231e-01,5.879572e+24,4.175319e-01,1.264125e+01
9.845231e-01,5.879572e+24,4.893901e-01,1.264520e+01
9.845231e-01,5.879572e+24,5.736153e-01,1.264983e+01
9.845231e-01,5.879572e+24,6.723358e-01,1.265524e+01
9.845231e-01,5.879572e+24,7.880463e-01,1.266157e+01
9.845231e-01,5.879572e+24,9.236709e-01,1.266896e+01
9.845231e-01,5.879572e+24,1.000000e+00,1.267310e+01
9.845231e-01,5.879572e+24,1.082637e+00,1.267759e+01
9.845231e-01,5.879572e+24,1.268961e+00,1.268766e+01
9.845231e-01,5.879572e+24,1.487352e+00,1.269940e+01
9.845231e-01,5.879572e+24,1.743329e+00,1.271307e+01
9.845231e-01,5.879572e+24,2.043360e+00,1.272899e+01
9.845231e-01,5.879572e+24,2.395027e+00,1.274748e+01
9.845231e-01,5.879572e+24,2.807216e+00,1.276893e+01
9.845231e-01,5.879572e+24,3.290345e+00,1.279376e+01
9.845231e-01,5.879572e+24,3.856620e+00,1.282246e+01
9.845231e-01,5.879572e+24,4.520354e+00,1.285551e+01
9.845231e-01,5.879572e+24,5.298317e+00,1.289345e+01
9.845231e-01,5.879572e+24,6.210169e+00,1.293683e+01
9.845231e-01,5.879572e+24,7.278954e+00,1.300756e+01
9.845231e-01,5.879572e+24,8.531679e+00,1.307175e+01
9.845231e-01,5.879572e+24,1.000000e+01,1.314610e+01
1.061503e+00,6.339293e+24,1.000000e-01,1.295929e+01
1.061503e+00,6.339293e+24,1.172102e-01,1.296018e+01
1.061503e+00,6.339293e+24,1.373824e-01,1.296122e+01
1.061503e+00,6.339293e+24,1.610262e-01,1.296244e+01
1.061503e+00,6.339293e+24,1.887392e-01,1.296387e+01
1.061503e+00,6.339293e+24,2.212216e-01,1.296555e+01
1.061503e+00,6.339293e+24,2.592944e-01,1.296751e+01
1.061503e+00,6.339293e+24,3.039195e-01,1.296981e+01
1.061503e+00,6.339293e+24,3.562248e-01,1.297250e+01
1.061503e+00,6.339293e+24,4.175319e-01,1.297564e+01
1.061503e+00,6.339293e+24,4.893901e-01,1.297933e+01
1.061503e+00,6.339293e+24,5.736153e-01,1.298363e+01
1.061503e+00,6.339293e+24,6.723358e-01,1.298867e+01
1.061503e+00,6.339293e+24,7.880463e-01,1.299456e+01
1.061503e+00,6.339293e+24,9.236709e-01,1.300143e+01
1.061503e+00,6.339293e+24,1.000000e+00,1.300529e+01
1.061503e+00,6.339293e+24,1.082637e+00,1.300946e+01
1.061503e+00,6.339293e+24,1.268961e+00,1.301883e+01
1.061503e+00,6.339293e+24,1.487352e+00,1.302975e+01
1.061503e+00,6.339293e+24,1.743329e+00,1.304246e+01
1.061503e+00,6.339293e+24,2.043360e+00,1.305725e+01
1.061503e+00,6.339293e+24,2.395027e+00,1.307442e+01
1.061503e+00,6.339293e+24,2.807216e+00,1.309434e+01
1.061503e+00,6.339293e+24,3.290345e+00,1.311739e+01
1.061503e+00,6.339293e+24,3.856620e+00,1.314399e+01
1.061503e+00,6.339293e+24,4.520354e+00,1.317462e+01
1.061503e+00,6.339293e+24,5.298317e+00,1.320974e+01
1.061503e+00,6.339293e+24,6.210169e+00,1.326561e+01
1.061503e+00,6.339293e+24,7.278954e+00,1.331730e+01
1.061503e+00,6.339293e+24,8.531679e+00,1.337727e+01
1.061503e+00,6.339293e+24,1.000000e+01,1.344677e+01
1.144501e+00,6.834959e+24,1.000000e-01,1.330399e+01
1.144501e+00,6.834959e+24,1.172102e-01,1.330482e+01
1.144501e+00,6.834959e+24,1.373824e-01,1.330579e+01
1.144501e+00,6.834959e+24,1.610262e-01,1.330692e+01
1.144501e+00,6.834959e+24,1.887392e-01,1.330825e+01
1.144501e+00,6.834959e+24,2.212216e-01,1.330981e+01
1.144501e+00,6.834959e+24,2.592944e-01,1.331163e+01
1.144501e+00,6.834959e+24,3.039195e-01,1.331376e+01
1.144501e+00,6.834959e+24,3.562248e-01,1.331626e+01
1.144501e+00,6.834959e+24,4.175319e-01,1.331918e+01
1.144501e+00,6.834959e+24,4.893901e-01,1.332260e+01
1.144501e+00,6.834959e+24,5.736153e-01,1.332660e+01
1.144501e+00,6.834959e+24,6.723358e-01,1.333128e+01
1.144501e+00,6.834959e+24,7.880463e-01,1.333674e+01
1.144501e+00,6.834959e+24,9.236709e-01,1.334312e+01
1.144501e+00,6.834959e+24,1.000000e+00,1.334670e+01
1.144501e+00,6.834959e+24,1.082637e+00,1.335057e+01
1.144501e+00,6.834959e+24,1.268961e+00,1.335925e+01
1.144501e+00,6.834959e+24,1.487352e+00,1.336938e+01
1.144501e+00,6.834959e+24,1.743329e+00,1.338116e+01
1.144501e+00,6.834959e+24,2.043360e+00,1.339486e+01
1.144501e+00,6.834959e+24,2.395027e+00,1.341077e+01
1.144501e+00,6.834959e+24,2.807216e+00,1.342921e+01
1.144501e+00,6.834959e+24,3.290345e+00,1.345053e+01
1.144501e+00,6.834959e+24,3.856620e+00,1.347512e+01
1.144501e+00,6.834959e+24,4.520354e+00,1.350340e+01
1.144501e+00,6.834959e+24,5.298317e+00,1.353579e+01
1.144501e+00,6.834959e+24,6.210169e+00,1.358884e+01
1.144501e+00,6.834959e+24,7.278954e+00,1.363697e+01
1.144501e+00,6.834959e+24,8.531679e+00,1.369285e+01
1.144501e+00,6.834959e+24,1.000000e+01,1.375764e+01
1.233989e+00,7.369381e+24,1.000000e-01,1.365805e+01
1.233989e+00,7.369381e+24,1.172102e-01,1.365882e+01
1.233989e+00,7.369381e+24,1.373824e-01,1.365971e+01
1.233989e+00,7.369381e+24,1.610262e-01,1.366077e+01
1.233989e+00,7.369381e+24,1.887392e-01,1.366200e+01
1.233989e+00,7.369381e+24,2.212216e-01,1.366344e+01
1.233989e+00,7.369381e+24,2.592944e-01,1.366512e+01
1.233989e+00,7.369381e+24,3.039195e-01,1.366710e+01
1.233989e+00,7.369381e+24,3.562248e-01,1.366941e+01
1.233989e+00,7.369381e+24,4.175319e-01,1.367211e+01
1.233989e+00,7.369381e+24,4.893901e-01,1.367528e+01
1.233989e+00,7.369381e+24,5.736153e-01,1.367898e+01
1.233989e+00,7.369381e+24,6.723358e-01,1.368330e+01
1.233989e+00,7.369381e+24,7.880463e-01,1.368836e+01
1.233989e+00,7.369381e+24,9.236709e-01,1.369426e+01
1.233989e+00,7.369381e+24,1.000000e+00,1.369757e+01
1.233989e+00,7.369381e+24,1.082637e+00,1.370115e+01
1.233989e+00,7.369381e+24,1.268961e+00,1.370918e+01
1.233989e+00,7.369381e+24,1.487352e+00,1.371853e+01
1.233989e+00,7.369381e+24,1.743329e+00,1.372942e+01
1.233989e+00,7.369381e+24,2.043360e+00,1.374207e+01
1.233989e+00,7.369381e+24,2.395027e+00,1.375676e+01
1.233989e+00,7.369381e+24,2.807216e+00,1.377376e+01
1.233989e+00,7.369381e+24,3.290345e+00,1.379342e+01
1.233989e+00,7.369381e+24,3.856620e+00,1.381607e+01
1.233989e+00,7.369381e+24,4.520354e+00,1.384208e+01
1.233989e+00,7.369381e+24,5.298317e+00,1.388367e+01
1.233989e+00,7.369381e+24,6.210169e+00,1.392212e+01
1.233989e+00,7.369381e+24,7.278954e+00,1.396681e+01
1.233989e+00,7.369381e+24,8.531679e+00,1.401870e+01
1.233989e+00,7.369381e+24,1.000000e+01,1.407950e+01
1.330474e+00,7.945590e+24,1.000000e-01,1.402172e+01
1.330474e+00,7.945590e+24,1.172102e-01,1.402242e+01
1.330474e+00,7.945590e+24,1.373824e-01,1.402325e+01
1.330474e+00,7.945590e+24,1.610262e-01,1.402422e+01
1.330474e+00,7.945590e+24,1.887392e-01,1.402535e+01
1.330474e+00,7.945590e+24,2.212216e-01,1.402668e+01
1.330474e+00,7.945590e+24,2.592944e-01,1.402824e+01
1.330474e+00,7.945590e+24,3.039195e-01,1.403006e+01
1.330474e+00,7.945590e+24,3.562248e-01,1.403219e+01
1.330474e+00,7.945590e+24,4.175319e-01,1.403469e+01
1.330474e+00,7.945590e+24,4.893901e-01,1.403761e+01
1.330474e+00,7.945590e+24,5.736153e-01,1.404102e+01
1.330474e+00,7.945590e+24,6.723358e-01,1.404501e+01
1.330474e+00,7.945590e+24,7.880463e-01,1.404967e+01
1.330474e+00,7.945590e+24,9.236709e-01,1.405510e+01
1.330474e+00,7.945590e+24,1.000000e+00,1.405816e+01
1.330474e+00,7.945590e+24,1.082637e+00,1.406145e+01
1.330474e+00,7.945590e+24,1.268961e+00,1.406885e+01
1.330474e+00,7.945590e+24,1.487352e+00,1.407746e+01
1.330474e+00,7.945590e+24,1.743329e+00,1.408749e+01
1.330474e+00,7.945590e+24,2.043360e+00,1.409913e+01
1.330474e+00,7.945590e+24,2.395027e+00,1.411263e+01
1.330474e+00,7.945590e+24,2.807216e+00,1.412826e+01
1.330474e+00,7.945590e+24,3.290345e+00,1.414630e+01
1.330474e+00,7.945590e+24,3.856620e+00,1.416707e+01
1.330474e+00,7.945590e+24,4.520354e+00,1.419958e+01
1.330474e+00,7.945590e+24,5.298317e+00,1.423013e+01
1.330474e+00,7.945590e+24,6.210169e+00,1.426592e+01
1.330474e+00,7.945590e+24,7.278954e+00,1.430730e+01
1.330474e+00,7.945590e+24,8.531679e+00,1.435535e+01
1.330474e+00,7.945590e+24,1.000000e+01,1.441110e+01
1.434503e+00,8.566851e+24,1.000000e-01,1.439525e+01
1.434503e+00,8.566851e+24,1.172102e-01,1.439590e+01
1.434503e+00,8.566851e+24,1.373824e-01,1.439666e+01
1.434503e+00,8.566851e+24,1.610262e-01,1.439755e+01
1.434503e+00,8.566851e+24,1.887392e-01,1.439859e+01
1.434503e+00,8.566851e+24,2.212216e-01,1.439981e+01
1.434503e+00,8.566851e+24,2.592944e-01,1.440124e+01
1.434503e+00,8.566851e+24,3.039195e-01,1.440292e+01
1.434503e+00,8.566851e+24,3.562248e-01,1.440488e+01
1.434503e+00,8.566851e+24,4.175319e-01,1.440717e+01
1.434503e+00,8.566851e+24,4.893901e-01,1.440985e+01
1.434503e+00,8.566851e+24,5.736153e-01,1.441298e+01
1.434503e+00,8.566851e+24,6.723358e-01,1.441664e+01
1.434503e+00,8.566851e+24,7.880463e-01,1.442092e+01
1.434503e+00,8.566851e+24,9.236709e-01,1.442592e+01
1.434503e+00,8.566851e+24,1.000000e+00,1.442872e+01
1.434503e+00,8.566851e+24,1.082637e+00,1.443174e+01
1.434503e+00,8.566851e+24,1.268961e+00,1.443853e+01
1.434503e+00,8.566851e+24,1.487352e+00,1.444643e+01
1.434503e+00,8.566851e+24,1.743329e+00,1.445561e+01
1.434503e+00,8.566851e+24,2.043360e+00,1.446628e+01
1.434503e+00,8.566851e+24,2.395027e+00,1.447864e+01
1.434503e+00,8.566851e+24,2.807216e+00,1.449632e+01
1.434503e+00,8.566851e+24,3.290345e+00,1.451409e+01
1.434503e+00,8.566851e+24,3.856620e+00,1.453482e+01
1.434503e+00,8.566851e+24,4.520354e+00,1.455898e+01
1.434503e+00,8.566851e+24,5.298317e+00,1.458713e+01
1.434503e+00,8.566851e+24,6.210169e+00,1.461990e+01
1.434503e+00,8.566851e+24,7.278954e+00,1.465799e+01
1.434503e+00,8.566851e+24,8.531679e+00,1.470224e+01
1.434503e+00,8.566851e+24,1.000000e+01,1.474196e+01
1.546666e+00,9.236689e+24,1.000000e-01,1.477881e+01
1.546666e+00,9.236689e+24,1.172102e-01,1.477939e+01
1.546666e+00,9.236689e+24,1.373824e-01,1.478006e+01
1.546666e+00,9.236689e+24,1.610262e-01,1.478086e+01
1.546666e+00,9.236689e+24,1.887392e-01,1.478178e+01
1.546666e+00,9.236689e+24,2.212216e-01,1.478287e+01
1.546666e+00,9.236689e+24,2.592944e-01,1.478414e+01
1.546666e+00,9.236689e+24,3.039195e-01,1.478563e+01
1.546666e+00,9.236689e+24,3.562248e-01,1.478738e+01
1.546666e+00,9.236689e+24,4.175319e-01,1.478942e+01
1.546666e+00,9.236689e+24,4.893901e-01,1.479180e+01
1.546666e+00,9.236689e+24,5.736153e-01,1.479460e+01
1.546666e+00,9.236689e+24,6.723358e-01,1.479786e+01
1.546666e+00,9.236689e+24,7.880463e-01,1.480168e+01
1.546666e+00,9.236689e+24,9.236709e-01,1.480614e+01
1.546666e+00,9.236689e+24,1.000000e+00,1.480864e+01
1.546666e+00,9.236689e+24,1.082637e+00,1.481135e+01
1.546666e+00,9.236689e+24,1.268961e+00,1.481743e+01
1.546666e+00,9.236689e+24,1.487352e+00,1.482451e+01
1.546666e+00,9.236689e+24,1.743329e+00,1.483276e+01
1.546666e+00,9.236689e+24,2.043360e+00,1.484236e+01
1.546666e+00,9.236689e+24,2.395027e+00,1.485352e+01
1.546666e+00,9.236689e+24,2.807216e+00,1.486646e+01
1.546666e+00,9.236689e+24,3.290345e+00,1.488145e+01
1.546666e+00,9.236689e+24,3.856620e+00,1.489877e+01
1.546666e+00,9.236689e+24,4.520354e+00,1.491872e+01
1.546666e+00,9.236689e+24,5.298317e+00,1.495038e+01
1.546666e+00,9.236689e+24,6.210169e+00,1.497990e+01
1.546666e+00,9.236689e+24,7.278954e+00,1.501430e+01
1.546666e+00,9.236689e+24,8.531679e+00,1.505497e+01
1.546666e+00,9.236689e+24,1.000000e+01,1.510178e+01
1.667599e+00,9.958901e+24,1.000000e-01,1.517295e+01
1.667599e+00,9.958901e+24,1.172102e-01,1.517348e+01
1.667599e+00,9.958901e+24,1.373824e-01,1.517411e+01
1.667599e+00,9.958901e+24,1.610262e-01,1.517484e+01
1.667599e+00,9.958901e+24,1.887392e-01,1.517570e+01
1.667599e+00,9.958901e+24,2.212216e-01,1.517670e+01
1.667599e+00,9.958901e+24,2.592944e-01,1.517788e+01
1.667599e+00,9.958901e+24,3.039195e-01,1.517926e+01
1.667599e+00,9.958901e+24,3.562248e-01,1.518087e+01
1.667599e+00,9.958901e+24,4.175319e-01,1.518276e+01
1.667599e+00,9.958901e+24,4.893901e-01,1.518496e+01
1.667599e+00,9.958901e+24,5.736153e-01,1.518755e+01
1.667599e+00,9.958901e+24,6.723358e-01,1.519057e+01
1.667599e+00,9.958901e+24,7.880463e-01,1.519409e+01
1.667599e+00,9.958901e+24,9.236709e-01,1.519822e+01
1.667599e+00,9.958901e+24,1.000000e+00,1.520053e+01
1.667599e+00,9.958901e+24,1.082637e+00,1.520303e+01
1.667599e+00,9.958901e+24,1.268961e+00,1.520865e+01
1.667599e+00,9.958901e+24,1.487352e+00,1.521519e+01
1.667599e+00,9.958901e+24,1.743329e+00,1.522281e+01
1.667599e+00,9.958901e+24,2.043360e+00,1.523168e+01
1.667599e+00,9.958901e+24,2.395027e+00,1.524198e+01
1.667599e+00,9.958901e+24,2.807216e+00,1.525393e+01
1.667599e+00,9.958901e+24,3.290345e+00,1.526775e+01
1.667599e+00,9.958901e+24,3.856620e+00,1.528372e+01
1.667599e+00,9.958901e+24,4.520354e+00,1.530850e+01
1.667599e+00,9.958901e+24,5.298317e+00,1.533201e+01
1.667599e+00,9.958901e+24,6.210169e+00,1.535943e+01
1.667599e+00,9.958901e+24,7.278954e+00,1.539141e+01
1.667599e+00,9.958901e+24,8.531679e+00,1.542867e+01
1.667599e+00,9.958901e+24,1.000000e+01,1.547207e+01
1.797988e+00,1.073758e+25,1.000000e-01,1.557778e+01
1.797988e+00,1.073758e+25,1.172102e-01,1.557827e+01
1.797988e+00,1.073758e+25,1.373824e-01,1.557885e+01
1.797988e+00,1.073758e+25,1.610262e-01,1.557953e+01
1.797988e+00,1.073758e+25,1.887392e-01,1.558032e+01
1.797988e+00,1.073758e+25,2.212216e-01,1.558125e+01
1.797988e+00,1.073758e+25,2.592944e-01,1.558233e+01
1.797988e+00,1.073758e+25,3.039195e-01,1.558360e+01
1.797988e+00,1.073758e+25,3.562248e-01,1.558509e+01
1.797988e+00,1.073758e+25,4.175319e-01,1.558683e+01
1.797988e+00,1.073758e+25,4.893901e-01,1.558886e+01
1.797988e+00,1.073758e+25,5.736153e-01,1.559135e+01
1.797988e+00,1.073758e+25,6.723358e-01,1.559417e+01
1.797988e+00,1.073758e+25,7.880463e-01,1.559747e+01
1.797988e+00,1.073758e+25,9.236709e-01,1.560134e+01
1.797988e+00,1.073758e+25,1.000000e+00,1.560352e+01
1.797988e+00,1.073758e+25,1.082637e+00,1.560588e+01
1.797988e+00,1.073758e+25,1.268961e+00,1.561118e+01
1.797988e+00,1.073758e+25,1.487352e+00,1.561740e+01
1.797988e+00,1.073758e+25,1.743329e+00,1.562467e+01
1.797988e+00,1.073758e+25,2.043360e+00,1.563318e+01
1.797988e+00,1.073758e+25,2.395027e+00,1.563640e+01
1.797988e+00,1.073758e+25,2.807216e+00,1.564664e+01
1.797988e+00,1.073758e+25,3.290345e+00,1.565850e+01
1.797988e+00,1.073758e+25,3.856620e+00,1.567224e+01
1.797988e+00,1.073758e+25,4.520354e+00,1.568810e+01
1.797988e+00,1.073758e+25,5.298317e+00,1.571297e+01
1.797988e+00,1.073758e+25,6.210169e+00,1.573640e+01
1.797988e+00,1.073758e+25,7.278954e+00,1.576374e+01
1.797988e+00,1.073758e+25,8.531679e+00,1.579565e+01
1.797988e+00,1.073758e+25,1.000000e+01,1.583286e+01
1.938572e+00,1.157715e+25,1.000000e-01,1.599342e+01
1.938572e+00,1.157715e+25,1.172102e-01,1.599384e+01
1.938572e+00,1.157715e+25,1.373824e-01,1.599433e+01
1.938572e+00,1.157715e+25,1.610262e-01,1.599490e+01
1.938572e+00,1.157715e+25,1.887392e-01,1.599558e+01
1.938572e+00,1.157715e+25,2.212216e-01,1.599637e+01
1.938572e+00,1.157715e+25,2.592944e-01,1.599730e+01
1.938572e+00,1.157715e+25,3.039195e-01,1.599838e+01
1.938572e+00,1.157715e+25,3.562248e-01,1.599965e+01
1.938572e+00,1.157715e+25,4.175319e-01,1.600114e+01
1.938572e+00,1.157715e+25,4.893901e-01,1.600288e+01
1.938572e+00,1.157715e+25,5.736153e-01,1.600491e+01
1.938572e+00,1.157715e+25,6.723358e-01,1.600729e+01
1.938572e+00,1.157715e+25,7.880463e-01,1.601008e+01
1.938572e+00,1.157715e+25,9.236709e-01,1.601333e+01
1.938572e+00,1.157715e+25,1.000000e+00,1.601516e+01
1.938572e+00,1.157715e+25,1.082637e+00,1.601713e+01
1.938572e+00,1.157715e+25,1.268961e+00,1.602156e+01
1.938572e+00,1.157715e+25,1.487352e+00,1.602673e+01
1.938572e+00,1.157715e+25,1.743329e+00,1.603276e+01
1.938572e+00,1.157715e+25,2.043360e+00,1.603978e+01
1.938572e+00,1.157715e+25,2.395027e+00,1.604794e+01
1.938572e+00,1.157715e+25,2.807216e+00,1.605742e+01
1.938572e+00,1.157715e+25,3.290345e+00,1.606840e+01
1.938572e+00,1.157715e+25,3.856620e+00,1.608111e+01
1.938572e+00,1.157715e+25,4.520354e+00,1.609578e+01
1.938572e+00,1.157715e+25,5.298317e+00,1.611906e+01
1.938572e+00,1.157715e+25,6.210169e+00,1.614081e+01
1.938572e+00,1.157715e+25,7.278954e+00,1.616621e+01
1.938572e+00,1.157715e+25,8.531679e+00,1.619585e+01
1.938572e+00,1.157715e+25,1.000000e+01,1.623042e+01
2.090148e+00,1.248236e+25,1.000000e-01,1.642056e+01
2.090148e+00,1.248236e+25,1.172102e-01,1.642095e+01
2.090148e+00,1.248236e+25,1.373824e-01,1.642141e+01
2.090148e+00,1.248236e+25,1.610262e-01,1.642194e+01
2.090148e+00,1.248236e+25,1.887392e-01,1.642257e+01
2.090148e+00,1.248236e+25,2.212216e-01,1.642330e+01
2.090148e+00,1.248236e+25,2.592944e-01,1.642416e+01
2.090148e+00,1.248236e+25,3.039195e-01,1.642516e+01
2.090148e+00,1.248236e+25,3.562248e-01,1.642633e+01
2.090148e+00,1.248236e+25,4.175319e-01,1.642771e+01
2.090148e+00,1.248236e+25,4.893901e-01,1.642932e+01
2.090148e+00,1.248236e+25,5.736153e-01,1.643120e+01
2.090148e+00,1.248236e+25,6.723358e-01,1.643340e+01
2.090148e+00,1.248236e+25,7.880463e-01,1.643598e+01
2.090148e+00,1.248236e+25,9.236709e-01,1.643898e+01
2.090148e+00,1.248236e+25,1.000000e+00,1.644067e+01
2.090148e+00,1.248236e+25,1.082637e+00,1.644250e+01
2.090148e+00,1.248236e+25,1.268961e+00,1.644660e+01
2.090148e+00,1.248236e+25,1.487352e+00,1.645138e+01
2.090148e+00,1.248236e+25,1.743329e+00,1.645695e+01
2.090148e+00,1.248236e+25,2.043360e+00,1.646344e+01
2.090148e+00,1.248236e+25,2.395027e+00,1.647098e+01
2.090148e+00,1.248236e+25,2.807216e+00,1.647973e+01
2.090148e+00,1.248236e+25,3.290345e+00,1.648987e+01
2.090148e+00,1.248236e+25,3.856620e+00,1.650161e+01
2.090148e+00,1.248236e+25,4.520354e+00,1.651515e+01
2.090148e+00,1.248236e+25,5.298317e+00,1.653689e+01
2.090148e+00,1.248236e+25,6.210169e+00,1.655704e+01
2.090148e+00,1.248236e+25,7.278954e+00,1.658058e+01
2.090148e+00,1.248236e+25,8.531679e+00,1.660806e+01
2.090148e+00,1.248236e+25,1.000000e+01,1.664042e+01
2.253575e+00,1.345835e+25,1.000000e-01,1.685931e+01
2.253575e+00,1.345835e+25,1.172102e-01,1.685967e+01
2.253575e+00,1.345835e+25,1.373824e-01,1.686009e+01
2.253575e+00,1.345835e+25,1.610262e-01,1.686058e+01
2.253575e+00,1.345835e+25,1.887392e-01,1.686116e+01
2.253575e+00,1.345835e+25,2.212216e-01,1.686183e+01
2.253575e+00,1.345835e+25,2.592944e-01,1.686263e+01
2.253575e+00,1.345835e+25,3.039195e-01,1.686355e+01
2.253575e+00,1.345835e+25,3.562248e-01,1.686464e+01
2.253575e+00,1.345835e+25,4.175319e-01,1.686591e+01
2.253575e+00,1.345835e+25,4.893901e-01,1.686739e+01
2.253575e+00,1.345835e+25,5.736153e-01,1.686913e+01
2.253575e+00,1.345835e+25,6.723358e-01,1.687116e+01
2.253575e+00,1.345835e+25,7.880463e-01,1.687353e+01
2.253575e+00,1.345835e+25,9.236709e-01,1.687631e+01
2.253575e+00,1.345835e+25,1.000000e+00,1.687787e+01
2.253575e+00,1.345835e+25,1.082637e+00,1.687955e+01
2.253575e+00,1.345835e+25,1.268961e+00,1.688333e+01
2.253575e+00,1.345835e+25,1.487352e+00,1.688774e+01
2.253575e+00,1.345835e+25,1.743329e+00,1.689288e+01
2.253575e+00,1.345835e+25,2.043360e+00,1.689886e+01
2.253575e+00,1.345835e+25,2.395027e+00,1.690581e+01
2.253575e+00,1.345835e+25,2.807216e+00,1.691388e+01
2.253575e+00,1.345835e+25,3.290345e+00,1.692323e+01
2.253575e+00,1.345835e+25,3.856620e+00,1.693403e+01
2.253575e+00,1.345835e+25,4.520354e+00,1.694650e+01
2.253575e+00,1.345835e+25,5.298317e+00,1.696684e+01
2.253575e+00,1.345835e+25,6.210169e+00,1.698550e+01
2.253575e+00,1.345835e+25,7.278954e+00,1.700730e+01
2.253575e+00,1.345835e+25,8.531679e+00,1.703275e+01
2.253575e+00,1.345835e+25,1.000000e+01,1.706247e+01
2.429781e+00,1.451065e+25,1.000000e-01,1.730997e+01
2.429781e+00,1.451065e+25,1.172102e-01,1.731030e+01
2.429781e+00,1.451065e+25,1.373824e-01,1.731069e+01
2.429781e+00,1.451065e+25,1.610262e-01,1.731114e+01
2.429781e+00,1.451065e+25,1.887392e-01,1.731167e+01
2.429781e+00,1.451065e+25,2.212216e-01,1.731230e+01
2.429781e+00,1.451065e+25,2.592944e-01,1.731302e+01
2.429781e+00,1.451065e+25,3.039195e-01,1.731388e+01
2.429781e+00,1.451065e+25,3.562248e-01,1.731488e+01
2.429781e+00,1.451065e+25,4.175319e-01,1.731604e+01
2.429781e+00,1.451065e+25,4.893901e-01,1.731741e+01
2.429781e+00,1.451065e+25,5.736153e-01,1.731901e+01
2.429781e+00,1.451065e+25,6.723358e-01,1.732088e+01
2.429781e+00,1.451065e+25,7.880463e-01,1.732307e+01
2.429781e+00,1.451065e+25,9.236709e-01,1.732562e+01
2.429781e+00,1.451065e+25,1.000000e+00,1.732705e+01
2.429781e+00,1.451065e+25,1.082637e+00,1.732884e+01
2.429781e+00,1.451065e+25,1.268961e+00,1.733241e+01
2.429781e+00,1.451065e+25,1.487352e+00,1.733660e+01
2.429781e+00,1.451065e+25,1.743329e+00,1.734149e+01
2.429781e+00,1.451065e+25,2.043360e+00,1.734723e+01
2.429781e+00,1.451065e+25,2.395027e+00,1.735394e+01
2.429781e+00,1.451065e+25,2.807216e+00,1.736180e+01
2.429781e+00,1.451065e+25,3.290345e+00,1.737099e+01
2.429781e+00,1.451065e+25,3.856620e+00,1.738175e+01
2.429781e+00,1.451065e+25,4.520354e+00,1.739434e+01
2.429781e+00,1.451065e+25,5.298317e+00,1.740905e+01
2.429781e+00,1.451065e+25,6.210169e+00,1.742625e+01
2.429781e+00,1.451065e+25,7.278954e+00,1.743680e+01
2.429781e+00,1.451065e+25,8.531679e+00,1.745896e+01
2.429781e+00,1.451065e+25,1.000000e+01,1.748457e+01
2.619764e+00,1.564523e+25,1.000000e-01,1.777276e+01
2.619764e+00,1.564523e+25,1.172102e-01,1.777304e+01
2.619764e+00,1.564523e+25,1.373824e-01,1.777338e+01
2.619764e+00,1.564523e+25,1.610262e-01,1.777377e+01
2.619764e+00,1.564523e+25,1.887392e-01,1.777422e+01
2.619764e+00,1.564523e+25,2.212216e-01,1.777476e+01
2.619764e+00,1.564523e+25,2.592944e-01,1.777539e+01
2.619764e+00,1.564523e+25,3.039195e-01,1.777612e+01
2.619764e+00,1.564523e+25,3.562248e-01,1.777698e+01
2.619764e+00,1.564523e+25,4.175319e-01,1.777798e+01
2.619764e+00,1.564523e+25,4.893901e-01,1.777916e+01
2.619764e+00,1.564523e+25,5.736153e-01,1.778054e+01
2.619764e+00,1.564523e+25,6.723358e-01,1.778215e+01
2.619764e+00,1.564523e+25,7.880463e-01,1.778403e+01
2.619764e+00,1.564523e+25,9.236709e-01,1.778623e+01
2.619764e+00,1.564523e+25,1.000000e+00,1.778747e+01
2.619764e+00,1.564523e+25,1.082637e+00,1.778880e+01
2.619764e+00,1.564523e+25,1.268961e+00,1.779180e+01
2.619764e+00,1.564523e+25,1.487352e+00,1.779530e+01
2.619764e+00,1.564523e+25,1.743329e+00,1.779938e+01
2.619764e+00,1.564523e+25,2.043360e+00,1.780413e+01
2.619764e+00,1.564523e+25,2.395027e+00,1.780965e+01
2.619764e+00,1.564523e+25,2.807216e+00,1.781606e+01
2.619764e+00,1.564523e+25,3.290345e+00,1.782350e+01
2.619764e+00,1.564523e+25,3.856620e+00,1.783211e+01
2.619764e+00,1.564523e+25,4.520354e+00,1.784204e+01
2.619764e+00,1.564523e+25,5.298317e+00,1.785809e+01
2.619764e+00,1.564523e+25,6.210169e+00,1.787292e+01
2.619764e+00,1.564523e+25,7.278954e+00,1.789027e+01
2.619764e+00,1.564523e+25,8.531679e+00,1.791054e+01
2.619764e+00,1.564523e+25,1.000000e+01,1.793423e+01
2.824603e+00,1.686853e+25,1.000000e-01,1.824825e+01
2.824603e+00,1.686853e+25,1.172102e-01,1.824851e+01
2.824603e+00,1.686853e+25,1.373824e-01,1.824882e+01
2.824603e+00,1.686853e+25,1.610262e-01,1.824918e+01
2.824603e+00,1.686853e+25,1.887392e-01,1.824960e+01
2.824603e+00,1.686853e+25,2.212216e-01,1.825009e+01
2.824603e+00,1.686853e+25,2.592944e-01,1.825067e+01
2.824603e+00,1.686853e+25,3.039195e-01,1.825135e+01
2.824603e+00,1.686853e+25,3.562248e-01,1.825214e+01
2.824603e+00,1.686853e+25,4.175319e-01,1.825306e+01
2.824603e+00,1.686853e+25,4.893901e-01,1.825415e+01
2.824603e+00,1.686853e+25,5.736153e-01,1.825542e+01
2.824603e+00,1.686853e+25,6.723358e-01,1.825690e+01
2.824603e+00,1.686853e+25,7.880463e-01,1.825863e+01
2.824603e+00,1.686853e+25,9.236709e-01,1.826066e+01
2.824603e+00,1.686853e+25,1.000000e+00,1.826180e+01
2.824603e+00,1.686853e+25,1.082637e+00,1.826303e+01
2.824603e+00,1.686853e+25,1.268961e+00,1.826579e+01
2.824603e+00,1.686853e+25,1.487352e+00,1.826901e+01
2.824603e+00,1.686853e+25,1.743329e+00,1.827276e+01
2.824603e+00,1.686853e+25,2.043360e+00,1.827713e+01
2.824603e+00,1.686853e+25,2.395027e+00,1.828222e+01
2.824603e+00,1.686853e+25,2.807216e+00,1.828812e+01
2.824603e+00,1.686853e+25,3.290345e+00,1.829496e+01
2.824603e+00,1.686853e+25,3.856620e+00,1.830287e+01
2.824603e+00,1.686853e+25,4.520354e+00,1.831201e+01
2.824603e+00,1.686853e+25,5.298317e+00,1.832690e+01
2.824603e+00,1.686853e+25,6.210169e+00,1.834058e+01
2.824603e+00,1.686853e+25,7.278954e+00,1.835658e+01
2.824603e+00,1.686853e+25,8.531679e+00,1.837528e+01
2.824603e+00,1.686853e+25,1.000000e+01,1.839726e+01
3.045457e+00,1.818747e+25,1.000000e-01,1.873666e+01
3.045457e+00,1.818747e+25,1.172102e-01,1.873690e+01
3.045457e+00,1.818747e+25,1.373824e-01,1.873719e+01
3.045457e+00,1.818747e+25,1.610262e-01,1.873752e+01
3.045457e+00,1.818747e+25,1.887392e-01,1.873790e+01
3.045457e+00,1.818747e+25,2.212216e-01,1.873836e+01
3.045457e+00,1.818747e+25,2.592944e-01,1.873889e+01
3.045457e+00,1.818747e+25,3.039195e-01,1.873951e+01
3.045457e+00,1.818747e+25,3.562248e-01,1.874023e+01
3.045457e+00,1.818747e+25,4.175319e-01,1.874109e+01
3.045457e+00,1.818747e+25,4.893901e-01,1.874208e+01
3.045457e+00,1.818747e+25,5.736153e-01,1.874325e+01
3.045457e+00,1.818747e+25,6.723358e-01,1.874461e+01
3.045457e+00,1.818747e+25,7.880463e-01,1.874620e+01
3.045457e+00,1.818747e+25,9.236709e-01,1.874806e+01
3.045457e+00,1.818747e+25,1.000000e+00,1.874911e+01
3.045457e+00,1.818747e+25,1.082637e+00,1.875024e+01
3.045457e+00,1.818747e+25,1.268961e+00,1.875277e+01
3.045457e+00,1.818747e+25,1.487352e+00,1.875573e+01
3.045457e+00,1.818747e+25,1.743329e+00,1.875918e+01
3.045457e+00,1.818747e+25,2.043360e+00,1.876319e+01
3.045457e+00,1.818747e+25,2.395027e+00,1.876786e+01
3.045457e+00,1.818747e+25,2.807216e+00,1.877328e+01
3.045457e+00,1.818747e+25,3.290345e+00,1.877956e+01
3.045457e+00,1.818747e+25,3.856620e+00,1.878682e+01
3.045457e+00,1.818747e+25,4.520354e+00,1.879825e+01
3.045457e+00,1.818747e+25,5.298317e+00,1.880902e+01
3.045457e+00,1.818747e+25,6.210169e+00,1.882161e+01
3.045457e+00,1.818747e+25,7.278954e+00,1.883635e+01
3.045457e+00,1.818747e+25,8.531679e+00,1.885358e+01
3.045457e+00,1.818747e+25,1.000000e+01,1.887372e+01
3.283580e+00,1.960954e+25,1.000000e-01,1.923834e+01
3.283580e+00,1.960954e+25,1.172102e-01,1.923857e+01
3.283580e+00,1.960954e+25,1.373824e-01,1.923882e+01
3.283580e+00,1.960954e+25,1.610262e-01,1.923913e+01
3.283580e+00,1.960954e+25,1.887392e-01,1.923948e+01
3.283580e+00,1.960954e+25,2.212216e-01,1.923990e+01
3.283580e+00,1.960954e+25,2.592944e-01,1.924039e+01
3.283580e+00,1.960954e+25,3.039195e-01,1.924097e+01
3.283580e+00,1.960954e+25,3.562248e-01,1.924164e+01
3.283580e+00,1.960954e+25,4.175319e-01,1.924242e+01
3.283580e+00,1.960954e+25,4.893901e-01,1.924335e+01
3.283580e+00,1.960954e+25,5.736153e-01,1.924443e+01
3.283580e+00,1.960954e+25,6.723358e-01,1.924569e+01
3.283580e+00,1.960954e+25,7.880463e-01,1.924718e+01
3.283580e+00,1.960954e+25,9.236709e-01,1.924892e+01
3.283580e+00,1.960954e+25,1.000000e+00,1.924989e+01
3.283580e+00,1.960954e+25,1.082637e+00,1.925095e+01
3.283580e+00,1.960954e+25,1.268961e+00,1.925334e+01
3.283580e+00,1.960954e+25,1.487352e+00,1.925614e+01
3.283580e+00,1.960954e+25,1.743329e+00,1.925941e+01
3.283580e+00,1.960954e+25,2.043360e+00,1.926325e+01
3.283580e+00,1.960954e+25,2.395027e+00,1.926774e+01
3.283580e+00,1.960954e+25,2.807216e+00,1.926995e+01
3.283580e+00,1.960954e+25,3.290345e+00,1.927540e+01
3.283580e+00,1.960954e+25,3.856620e+00,1.928170e+01
3.283580e+00,1.960954e+25,4.520354e+00,1.928897e+01
3.283580e+00,1.960954e+25,5.298317e+00,1.930082e+01
3.283580e+00,1.960954e+25,6.210169e+00,1.931172e+01
3.283580e+00,1.960954e+25,7.278954e+00,1.932447e+01
3.283580e+00,1.960954e+25,8.531679e+00,1.933939e+01
3.283580e+00,1.960954e+25,1.000000e+01,1.935684e+01
3.540321e+00,2.114280e+25,1.000000e-01,1.975360e+01
3.540321e+00,2.114280e+25,1.172102e-01,1.975379e+01
3.540321e+00,2.114280e+25,1.373824e-01,1.975401e+01
3.540321e+00,2.114280e+25,1.610262e-01,1.975427e+01
3.540321e+00,2.114280e+25,1.887392e-01,1.975458e+01
3.540321e+00,2.114280e+25,2.212216e-01,1.975494e+01
3.540321e+00,2.114280e+25,2.592944e-01,1.975536e+01
3.540321e+00,2.114280e+25,3.039195e-01,1.975585e+01
3.540321e+00,2.114280e+25,3.562248e-01,1.975643e+01
3.540321e+00,2.114280e+25,4.175319e-01,1.975710e+01
3.540321e+00,2.114280e+25,4.893901e-01,1.975789e+01
3.540321e+00,2.114280e+25,5.736153e-01,1.975882e+01
3.540321e+00,2.114280e+25,6.723358e-01,1.975990e+01
3.540321e+00,2.114280e+25,7.880463e-01,1.976116e+01
3.540321e+00,2.114280e+25,9.236709e-01,1.976264e+01
3.540321e+00,2.114280e+25,1.000000e+00,1.976347e+01
3.540321e+00,2.114280e+25,1.082637e+00,1.976437e+01
3.540321e+00,2.114280e+25,1.268961e+00,1.976638e+01
3.540321e+00,2.114280e+25,1.487352e+00,1.976873e+01
3.540321e+00,2.114280e+25,1.743329e+00,1.977147e+01
3.540321e+00,2.114280e+25,2.043360e+00,1.977466e+01
3.540321e+00,2.114280e+25,2.395027e+00,1.977836e+01
3.540321e+00,2.114280e+25,2.807216e+00,1.978267e+01
3.540321e+00,2.114280e+25,3.290345e+00,1.978766e+01
3.540321e+00,2.114280e+25,3.856620e+00,1.979344e+01
3.540321e+00,2.114280e+25,4.520354e+00,1.980011e+01
3.540321e+00,2.114280e+25,5.298317e+00,1.981105e+01
3.540321e+00,2.114280e+25,6.210169e+00,1.982106e+01
3.540321e+00,2.114280e+25,7.278954e+00,1.983279e+01
3.540321e+00,2.114280e+25,8.531679e+00,1.984650e+01
3.540321e+00,2.114280e+25,1.000000e+01,1.986253e+01
3.817137e+00,2.279594e+25,1.000000e-01,2.028293e+01
3.817137e+00,2.279594e+25,1.172102e-01,2.028311e+01
3.817137e+00,2.279594e+25,1.373824e-01,2.028331e+01
3.817137e+00,2.279594e+25,1.610262e-01,2.028355e+01
3.817137e+00,2.279594e+25,1.887392e-01,2.028383e+01
3.817137e+00,2.279594e+25,2.212216e-01,2.028416e+01
3.817137e+00,2.279594e+25,2.592944e-01,2.028455e+01
3.817137e+00,2.279594e+25,3.039195e-01,2.028500e+01
3.817137e+00,2.279594e+25,3.562248e-01,2.028553e+01
3.817137e+00,2.279594e+25,4.175319e-01,2.028614e+01
3.817137e+00,2.279594e+25,4.893901e-01,2.028687e+01
3.817137e+00,2.279594e+25,5.736153e-01,2.028771e+01
3.817137e+00,2.279594e+25,6.723358e-01,2.028870e+01
3.817137e+00,2.279594e+25,7.880463e-01,2.028986e+01
3.817137e+00,2.279594e+25,9.236709e-01,2.029121e+01
3.817137e+00,2.279594e+25,1.000000e+00,2.029197e+01
3.817137e+00,2.279594e+25,1.082637e+00,2.029279e+01
3.817137e+00,2.279594e+25,1.268961e+00,2.029464e+01
3.817137e+00,2.279594e+25,1.487352e+00,2.029679e+01
3.817137e+00,2.279594e+25,1.743329e+00,2.029929e+01
3.817137e+00,2.279594e+25,2.043360e+00,2.030221e+01
3.817137e+00,2.279594e+25,2.395027e+00,2.030560e+01
3.817137e+00,2.279594e+25,2.807216e+00,2.030954e+01
3.817137e+00,2.279594e+25,3.290345e+00,2.031411e+01
3.817137e+00,2.279594e+25,3.856620e+00,2.031939e+01
3.817137e+00,2.279594e+25,4.520354e+00,2.032773e+01
3.817137e+00,2.279594e+25,5.298317e+00,2.033557e+01
3.817137e+00,2.279594e+25,6.210169e+00,2.034476e+01
3.817137e+00,2.279594e+25,7.278954e+00,2.035553e+01
3.817137e+00,2.279594e+25,8.531679e+00,2.036811e+01
3.817137e+00,2.279594e+25,1.000000e+01,2.038283e+01
4.115597e+00,2.457835e+25,1.000000e-01,2.082666e+01
4.115597e+00,2.457835e+25,1.172102e-01,2.082682e+01
4.115597e+00,2.457835e+25,1.373824e-01,2.082700e+01
4.115597e+00,2.457835e+25,1.610262e-01,2.082722e+01
4.115597e+00,2.457835e+25,1.887392e-01,2.082748e+01
4.115597e+00,2.457835e+25,2.212216e-01,2.082778e+01
4.115597e+00,2.457835e+25,2.592944e-01,2.082813e+01
4.115597e+00,2.457835e+25,3.039195e-01,2.082854e+01
4.115597e+00,2.457835e+25,3.562248e-01,2.082903e+01
4.115597e+00,2.457835e+25,4.175319e-01,2.082959e+01
4.115597e+00,2.457835e+25,4.893901e-01,2.083025e+01
4.115597e+00,2.457835e+25,5.736153e-01,2.083103e+01
4.115597e+00,2.457835e+25,6.723358e-01,2.083193e+01
4.115597e+00,2.457835e+25,7.880463e-01,2.083299e+01
4.115597e+00,2.457835e+25,9.236709e-01,2.083422e+01
4.115597e+00,2.457835e+25,1.000000e+00,2.083492e+01
4.115597e+00,2.457835e+25,1.082637e+00,2.083567e+01
4.115597e+00,2.457835e+25,1.268961e+00,2.083735e+01
4.115597e+00,2.457835e+25,1.487352e+00,2.083931e+01
4.115597e+00,2.457835e+25,1.743329e+00,2.084160e+01
4.115597e+00,2.457835e+25,2.043360e+00,2.084427e+01
4.115597e+00,2.457835e+25,2.395027e+00,2.084796e+01
4.115597e+00,2.457835e+25,2.807216e+00,2.085178e+01
4.115597e+00,2.457835e+25,3.290345e+00,2.085625e+01
4.115597e+00,2.457835e+25,3.856620e+00,2.086148e+01
4.115597e+00,2.457835e+25,4.520354e+00,2.086761e+01
4.115597e+00,2.457835e+25,5.298317e+00,2.087479e+01
4.115597e+00,2.457835e+25,6.210169e+00,2.088319e+01
4.115597e+00,2.457835e+25,7.278954e+00,2.089303e+01
4.115597e+00,2.457835e+25,8.531679e+00,2.090453e+01
4.115597e+00,2.457835e+25,1.000000e+01,2.091800e+01
4.437394e+00,2.650011e+25,1.000000e-01,2.138512e+01
4.437394e+00,2.650011e+25,1.172102e-01,2.138526e+01
4.437394e+00,2.650011e+25,1.373824e-01,2.138542e+01
4.437394e+00,2.650011e+25,1.610262e-01,2.138561e+01
4.437394e+00,2.650011e+25,1.887392e-01,2.138584e+01
4.437394e+00,2.650011e+25,2.212216e-01,2.138610e+01
4.437394e+00,2.650011e+25,2.592944e-01,2.138640e+01
4.437394e+00,2.650011e+25,3.039195e-01,2.138676e+01
4.437394e+00,2.650011e+25,3.562248e-01,2.138718e+01
4.437394e+00,2.650011e+25,4.175319e-01,2.138767e+01
4.437394e+00,2.650011e+25,4.893901e-01,2.138824e+01
4.437394e+00,2.650011e+25,5.736153e-01,2.138891e+01
4.437394e+00,2.650011e+25,6.723358e-01,2.138970e+01
4.437394e+00,2.650011e+25,7.880463e-01,2.139062e+01
4.437394e+00,2.650011e+25,9.236709e-01,2.139169e+01
4.437394e+00,2.650011e+25,1.000000e+00,2.139229e+01
4.437394e+00,2.650011e+25,1.082637e+00,2.139294e+01
4.437394e+00,2.650011e+25,1.268961e+00,2.139440e+01
4.437394e+00,2.650011e+25,1.487352e+00,2.139611e+01
4.437394e+00,2.650011e+25,1.743329e+00,2.139809e+01
4.437394e+00,2.650011e+25,2.043360e+00,2.140041e+01
4.437394e+00,2.650011e+25,2.395027e+00,2.140310e+01
4.437394e+00,2.650011e+25,2.807216e+00,2.140622e+01
4.437394e+00,2.650011e+25,3.290345e+00,2.140985e+01
4.437394e+00,2.650011e+25,3.856620e+00,2.141404e+01
4.437394e+00,2.650011e+25,4.520354e+00,2.142065e+01
4.437394e+00,2.650011e+25,5.298317e+00,2.142688e+01
4.437394e+00,2.650011e+25,6.210169e+00,2.143418e+01
4.437394e+00,2.650011e+25,7.278954e+00,2.144272e+01
4.437394e+00,2.650011e+25,8.531679e+00,2.145271e+01
4.437394e+00,2.650011e+25,1.000000e+01,2.146440e+01
4.784351e+00,2.857215e+25,1.000000e-01,2.195883e+01
4.784351e+00,2.857215e+25,1.172102e-01,2.195896e+01
4.784351e+00,2.857215e+25,1.373824e-01,2.195910e+01
4.784351e+00,2.857215e+25,1.610262e-01,2.195928e+01
4.784351e+00,2.857215e+25,1.887392e-01,2.195948e+01
4.784351e+00,2.857215e+25,2.212216e-01,2.195972e+01
4.784351e+00,2.857215e+25,2.592944e-01,2.196000e+01
4.784351e+00,2.857215e+25,3.039195e-01,2.196032e+01
4.784351e+00,2.857215e+25,3.562248e-01,2.196070e+01
4.784351e+00,2.857215e+25,4.175319e-01,2.196115e+01
4.784351e+00,2.857215e+25,4.893901e-01,2.196167e+01
4.784351e+00,2.857215e+25,5.736153e-01,2.196229e+01
4.784351e+00,2.857215e+25,6.723358e-01,2.196300e+01
4.784351e+00,2.857215e+25,7.880463e-01,2.196384e+01
4.784351e+00,2.857215e+25,9.236709e-01,2.196481e+01
4.784351e+00,2.857215e+25,1.000000e+00,2.196536e+01
4.784351e+00,2.857215e+25,1.082637e+00,2.196596e+01
4.784351e+00,2.857215e+25,1.268961e+00,2.196729e+01
4.784351e+00,2.857215e+25,1.487352e+00,2.196884e+01
4.784351e+00,2.857215e+25,1.743329e+00,2.197065e+01
4.784351e+00,2.857215e+25,2.043360e+00,2.197276e+01
4.784351e+00,2.857215e+25,2.395027e+00,2.197522e+01
4.784351e+00,2.857215e+25,2.807216e+00,2.197806e+01
4.784351e+00,2.857215e+25,3.290345e+00,2.198136e+01
4.784351e+00,2.857215e+25,3.856620e+00,2.198518e+01
4.784351e+00,2.857215e+25,4.520354e+00,2.199124e+01
4.784351e+00,2.857215e+25,5.298317e+00,2.199693e+01
4.784351e+00,2.857215e+25,6.210169e+00,2.200358e+01
4.784351e+00,2.857215e+25,7.278954e+00,2.201138e+01
4.784351e+00,2.857215e+25,8.531679e+00,2.202051e+01
4.784351e+00,2.857215e+25,1.000000e+01,2.203119e+01
5.158437e+00,3.080619e+25,1.000000e-01,2.254814e+01
5.158437e+00,3.080619e+25,1.172102e-01,2.254826e+01
5.158437e+00,3.080619e+25,1.373824e-01,2.254839e+01
5.158437e+00,3.080619e+25,1.610262e-01,2.254855e+01
5.158437e+00,3.080619e+25,1.887392e-01,2.254873e+01
5.158437e+00,3.080619e+25,2.212216e-01,2.254895e+01
5.158437e+00,3.080619e+25,2.592944e-01,2.254920e+01
5.158437e+00,3.080619e+25,3.039195e-01,2.254950e+01
5.158437e+00,3.080619e+25,3.562248e-01,2.254985e+01
5.158437e+00,3.080619e+25,4.175319e-01,2.255025e+01
5.158437e+00,3.080619e+25,4.893901e-01,2.255073e+01
5.158437e+00,3.080619e+25,5.736153e-01,2.255128e+01
5.158437e+00,3.080619e+25,6.723358e-01,2.255194e+01
5.158437e+00,3.080619e+25,7.880463e-01,2.255270e+01
5.158437e+00,3.080619e+25,9.236709e-01,2.255358e+01
5.158437e+00,3.080619e+25,1.000000e+00,2.255408e+01
5.158437e+00,3.080619e+25,1.082637e+00,2.255462e+01
5.158437e+00,3.080619e+25,1.268961e+00,2.255583e+01
5.158437e+00,3.080619e+25,1.487352e+00,2.255725e+01
5.158437e+00,3.080619e+25,1.743329e+00,2.255889e+01
5.158437e+00,3.080619e+25,2.043360e+00,2.256081e+01
5.158437e+00,3.080619e+25,2.395027e+00,2.256304e+01
5.158437e+00,3.080619e+25,2.807216e+00,2.256563e+01
5.158437e+00,3.080619e+25,3.290345e+00,2.256863e+01
5.158437e+00,3.080619e+25,3.856620e+00,2.257322e+01
5.158437e+00,3.080619e+25,4.520354e+00,2.257764e+01
5.158437e+00,3.080619e+25,5.298317e+00,2.258281e+01
5.158437e+00,3.080619e+25,6.210169e+00,2.258887e+01
5.158437e+00,3.080619e+25,7.278954e+00,2.259597e+01
5.158437e+00,3.080619e+25,8.531679e+00,2.260428e+01
5.158437e+00,3.080619e+25,1.000000e+01,2.261401e+01
5.561773e+00,3.321491e+25,1.000000e-01,2.315346e+01
5.561773e+00,3.321491e+25,1.172102e-01,2.315356e+01
5.561773e+00,3.321491e+25,1.373824e-01,2.315368e+01
5.561773e+00,3.321491e+25,1.610262e-01,2.315381e+01
5.561773e+00,3.321491e+25,1.887392e-01,2.315397e+01
5.561773e+00,3.321491e+25,2.212216e-01,2.315416e+01
5.561773e+00,3.321491e+25,2.592944e-01,2.315438e+01
5.561773e+00,3.321491e+25,3.039195e-01,2.315464e+01
5.561773e+00,3.321491e+25,3.562248e-01,2.315494e+01
5.561773e+00,3.321491e+25,4.175319e-01,2.315529e+01
5.561773e+00,3.321491e+25,4.893901e-01,2.315571e+01
5.561773e+00,3.321491e+25,5.736153e-01,2.315619e+01
5.561773e+00,3.321491e+25,6.723358e-01,2.315675e+01
5.561773e+00,3.321491e+25,7.880463e-01,2.315742e+01
5.561773e+00,3.321491e+25,9.236709e-01,2.315819e+01
5.561773e+00,3.321491e+25,1.000000e+00,2.315862e+01
5.561773e+00,3.321491e+25,1.082637e+00,2.315909e+01
5.561773e+00,3.321491e+25,1.268961e+00,2.316014e+01
5.561773e+00,3.321491e+25,1.487352e+00,2.316137e+01
5.561773e+00,3.321491e+25,1.743329e+00,2.316280e+01
5.561773e+00,3.321491e+25,2.043360e+00,2.316447e+01
5.561773e+00,3.321491e+25,2.395027e+00,2.316641e+01
5.561773e+00,3.321491e+25,2.807216e+00,2.316866e+01
5.561773e+00,3.321491e+25,3.290345e+00,2.317127e+01
5.561773e+00,3.321491e+25,3.856620e+00,2.317429e+01
5.561773e+00,3.321491e+25,4.520354e+00,2.317908e+01
5.561773e+00,3.321491e+25,5.298317e+00,2.318358e+01
5.561773e+00,3.321491e+25,6.210169e+00,2.318884e+01
5.561773e+00,3.321491e+25,7.278954e+00,2.319501e+01
5.561773e+00,3.321491e+25,8.531679e+00,2.320223e+01
5.561773e+00,3.321491e+25,1.000000e+01,2.321069e+01
5.996645e+00,3.581197e+25,1.000000e-01,2.377528e+01
5.996645e+00,3.581197e+25,1.172102e-01,2.377537e+01
5.996645e+00,3.581197e+25,1.373824e-01,2.377548e+01
5.996645e+00,3.581197e+25,1.610262e-01,2.377560e+01
5.996645e+00,3.581197e+25,1.887392e-01,2.377575e+01
5.996645e+00,3.581197e+25,2.212216e-01,2.377592e+01
5.996645e+00,3.581197e+25,2.592944e-01,2.377612e+01
5.996645e+00,3.581197e+25,3.039195e-01,2.377635e+01
5.996645e+00,3.581197e+25,3.562248e-01,2.377662e+01
5.996645e+00,3.581197e+25,4.175319e-01,2.377694e+01
5.996645e+00,3.581197e+25,4.893901e-01,2.377732e+01
5.996645e+00,3.581197e+25,5.736153e-01,2.377776e+01
5.996645e+00,3.581197e+25,6.723358e-01,2.377827e+01
5.996645e+00,3.581197e+25,7.880463e-01,2.377887e+01
5.996645e+00,3.581197e+25,9.236709e-01,2.377957e+01
5.996645e+00,3.581197e+25,1.000000e+00,2.377996e+01
5.996645e+00,3.581197e+25,1.082637e+00,2.378039e+01
5.996645e+00,3.581197e+25,1.268961e+00,2.378134e+01
5.996645e+00,3.581197e+25,1.487352e+00,2.378246e+01
5.996645e+00,3.581197e+25,1.743329e+00,2.378376e+01
5.996645e+00,3.581197e+25,2.043360e+00,2.378527e+01
5.996645e+00,3.581197e+25,2.395027e+00,2.378702e+01
5.996645e+00,3.581197e+25,2.807216e+00,2.378906e+01
5.996645e+00,3.581197e+25,3.290345e+00,2.379143e+01
5.996645e+00,3.581197e+25,3.856620e+00,2.379417e+01
5.996645e+00,3.581197e+25,4.520354e+00,2.379853e+01
5.996645e+00,3.581197e+25,5.298317e+00,2.380261e+01
5.996645e+00,3.581197e+25,6.210169e+00,2.380739e+01
5.996645e+00,3.581197e+25,7.278954e+00,2.381299e+01
5.996645e+00,3.581197e+25,8.531679e+00,2.381956e+01
5.996645e+00,3.581197e+25,1.000000e+01,2.382724e+01
6.465520e+00,3.861209e+25,1.000000e-01,2.441403e+01
6.465520e+00,3.861209e+25,1.172102e-01,2.441411e+01
6.465520e+00,3.861209e+25,1.373824e-01,2.441421e+01
6.465520e+00,3.861209e+25,1.610262e-01,2.441432e+01
6.465520e+00,3.861209e+25,1.887392e-01,2.441445e+01
6.465520e+00,3.861209e+25,2.212216e-01,2.441460e+01
6.465520e+00,3.861209e+25,2.592944e-01,2.441478e+01
6.465520e+00,3.861209e+25,3.039195e-01,2.441500e+01
6.465520e+00,3.861209e+25,3.562248e-01,2.441524e+01
6.465520e+00,3.861209e+25,4.175319e-01,2.441553e+01
6.465520e+00,3.861209e+25,4.893901e-01,2.441587e+01
6.465520e+00,3.861209e+25,5.736153e-01,2.441627e+01
6.465520e+00,3.861209e+25,6.723358e-01,2.441673e+01
6.465520e+00,3.861209e+25,7.880463e-01,2.441727e+01
6.465520e+00,3.861209e+25,9.236709e-01,2.441791e+01
6.465520e+00,3.861209e+25,1.000000e+00,2.441826e+01
6.465520e+00,3.861209e+25,1.082637e+00,2.441865e+01
6.465520e+00,3.861209e+25,1.268961e+00,2.441951e+01
6.465520e+00,3.861209e+25,1.487352e+00,2.442052e+01
6.465520e+00,3.861209e+25,1.743329e+00,2.442169e+01
6.465520e+00,3.861209e+25,2.043360e+00,2.442306e+01
6.465520e+00,3.861209e+25,2.395027e+00,2.442465e+01
6.465520e+00,3.861209e+25,2.807216e+00,2.442649e+01
6.465520e+00,3.861209e+25,3.290345e+00,2.442923e+01
6.465520e+00,3.861209e+25,3.856620e+00,2.443192e+01
6.465520e+00,3.861209e+25,4.520354e+00,2.443507e+01
6.465520e+00,3.861209e+25,5.298317e+00,2.443877e+01
6.465520e+00,3.861209e+25,6.210169e+00,2.444310e+01
6.465520e+00,3.861209e+25,7.278954e+00,2.444817e+01
6.465520e+00,3.861209e+25,8.531679e+00,2.445411e+01
6.465520e+00,3.861209e+25,1.000000e+01,2.446106e+01
6.971056e+00,4.163115e+25,1.000000e-01,2.507015e+01
6.971056e+00,4.163115e+25,1.172102e-01,2.507022e+01
6.971056e+00,4.163115e+25,1.373824e-01,2.507030e+01
6.971056e+00,4.163115e+25,1.610262e-01,2.507040e+01
6.971056e+00,4.163115e+25,1.887392e-01,2.507051e+01
6.971056e+00,4.163115e+25,2.212216e-01,2.507065e+01
6.971056e+00,4.163115e+25,2.592944e-01,2.507080e+01
6.971056e+00,4.163115e+25,3.039195e-01,2.507099e+01
6.971056e+00,4.163115e+25,3.562248e-01,2.507120e+01
6.971056e+00,4.163115e+25,4.175319e-01,2.507145e+01
6.971056e+00,4.163115e+25,4.893901e-01,2.507175e+01
6.971056e+00,4.163115e+25,5.736153e-01,2.507209e+01
6.971056e+00,4.163115e+25,6.723358e-01,2.507250e+01
6.971056e+00,4.163115e+25,7.880463e-01,2.507297e+01
6.971056e+00,4.163115e+25,9.236709e-01,2.507352e+01
6.971056e+00,4.163115e+25,1.000000e+00,2.507383e+01
6.971056e+00,4.163115e+25,1.082637e+00,2.507416e+01
6.971056e+00,4.163115e+25,1.268961e+00,2.507491e+01
6.971056e+00,4.163115e+25,1.487352e+00,2.507579e+01
6.971056e+00,4.163115e+25,1.743329e+00,2.507681e+01
6.971056e+00,4.163115e+25,2.043360e+00,2.507799e+01
6.971056e+00,4.163115e+25,2.395027e+00,2.507937e+01
6.971056e+00,4.163115e+25,2.807216e+00,2.508098e+01
6.971056e+00,4.163115e+25,3.290345e+00,2.508284e+01
6.971056e+00,4.163115e+25,3.856620e+00,2.508499e+01
6.971056e+00,4.163115e+25,4.520354e+00,2.508842e+01
6.971056e+00,4.163115e+25,5.298317e+00,2.509163e+01
6.971056e+00,4.163115e+25,6.210169e+00,2.509539e+01
6.971056e+00,4.163115e+25,7.278954e+00,2.509980e+01
6.971056e+00,4.163115e+25,8.531679e+00,2.510496e+01
6.971056e+00,4.163115e+25,1.000000e+01,2.511100e+01
7.516119e+00,4.488627e+25,1.000000e-01,2.574415e+01
7.516119e+00,4.488627e+25,1.172102e-01,2.574421e+01
7.516119e+00,4.488627e+25,1.373824e-01,2.574429e+01
7.516119e+00,4.488627e+25,1.610262e-01,2.574438e+01
7.516119e+00,4.488627e+25,1.887392e-01,2.574448e+01
7.516119e+00,4.488627e+25,2.212216e-01,2.574460e+01
7.516119e+00,4.488627e+25,2.592944e-01,2.574474e+01
7.516119e+00,4.488627e+25,3.039195e-01,2.574491e+01
7.516119e+00,4.488627e+25,3.562248e-01,2.574510e+01
7.516119e+00,4.488627e+25,4.175319e-01,2.574533e+01
7.516119e+00,4.488627e+25,4.893901e-01,2.574559e+01
7.516119e+00,4.488627e+25,5.736153e-01,2.574590e+01
7.516119e+00,4.488627e+25,6.723358e-01,2.574627e+01
7.516119e+00,4.488627e+25,7.880463e-01,2.574669e+01
7.516119e+00,4.488627e+25,9.236709e-01,2.574719e+01
7.516119e+00,4.488627e+25,1.000000e+00,2.574747e+01
7.516119e+00,4.488627e+25,1.082637e+00,2.574777e+01
7.516119e+00,4.488627e+25,1.268961e+00,2.574845e+01
7.516119e+00,4.488627e+25,1.487352e+00,2.574923e+01
7.516119e+00,4.488627e+25,1.743329e+00,2.575015e+01
7.516119e+00,4.488627e+25,2.043360e+00,2.575122e+01
7.516119e+00,4.488627e+25,2.395027e+00,2.575247e+01
7.516119e+00,4.488627e+25,2.807216e+00,2.575391e+01
7.516119e+00,4.488627e+25,3.290345e+00,2.575559e+01
7.516119e+00,4.488627e+25,3.856620e+00,2.575753e+01
7.516119e+00,4.488627e+25,4.520354e+00,2.576064e+01
7.516119e+00,4.488627e+25,5.298317e+00,2.576354e+01
7.516119e+00,4.488627e+25,6.210169e+00,2.576693e+01
7.516119e+00,4.488627e+25,7.278954e+00,2.577090e+01
7.516119e+00,4.488627e+25,8.531679e+00,2.577556e+01
7.516119e+00,4.488627e+25,1.000000e+01,2.578102e+01
8.103801e+00,4.839590e+25,1.000000e-01,2.643651e+01
8.103801e+00,4.839590e+25,1.172102e-01,2.643657e+01
8.103801e+00,4.839590e+25,1.373824e-01,2.643663e+01
8.103801e+00,4.839590e+25,1.610262e-01,2.643671e+01
8.103801e+00,4.839590e+25,1.887392e-01,2.643681e+01
8.103801e+00,4.839590e+25,2.212216e-01,2.643691e+01
8.103801e+00,4.839590e+25,2.592944e-01,2.643704e+01
8.103801e+00,4.839590e+25,3.039195e-01,2.643719e+01
8.103801e+00,4.839590e+25,3.562248e-01,2.643736e+01
8.103801e+00,4.839590e+25,4.175319e-01,2.643757e+01
8.103801e+00,4.839590e+25,4.893901e-01,2.643781e+01
8.103801e+00,4.839590e+25,5.736153e-01,2.643809e+01
8.103801e+00,4.839590e+25,6.723358e-01,2.643841e+01
8.103801e+00,4.839590e+25,7.880463e-01,2.643880e+01
8.103801e+00,4.839590e+25,9.236709e-01,2.643924e+01
8.103801e+00,4.839590e+25,1.000000e+00,2.643949e+01
8.103801e+00,4.839590e+25,1.082637e+00,2.643976e+01
8.103801e+00,4.839590e+25,1.268961e+00,2.644037e+01
8.103801e+00,4.839590e+25,1.487352e+00,2.644108e+01
8.103801e+00,4.839590e+25,1.743329e+00,2.644203e+01
8.103801e+00,4.839590e+25,2.043360e+00,2.644304e+01
8.103801e+00,4.839590e+25,2.395027e+00,2.644422e+01
8.103801e+00,4.839590e+25,2.807216e+00,2.644560e+01
8.103801e+00,4.839590e+25,3.290345e+00,2.644722e+01
8.103801e+00,4.839590e+25,3.856620e+00,2.644912e+01
8.103801e+00,4.839590e+25,4.520354e+00,2.645134e+01
8.103801e+00,4.839590e+25,5.298317e+00,2.645395e+01
8.103801e+00,4.839590e+25,6.210169e+00,2.645700e+01
8.103801e+00,4.839590e+25,7.278954e+00,2.646058e+01
8.103801e+00,4.839590e+25,8.531679e+00,2.646477e+01
8.103801e+00,4.839590e+25,1.000000e+01,2.646968e+01
8.737433e+00,5.217995e+25,1.000000e-01,2.714772e+01
8.737433e+00,5.217995e+25,1.172102e-01,2.714777e+01
8.737433e+00,5.217995e+25,1.373824e-01,2.714782e+01
8.737433e+00,5.217995e+25,1.610262e-01,2.714789e+01
8.737433e+00,5.217995e+25,1.887392e-01,2.714797e+01
8.737433e+00,5.217995e+25,2.212216e-01,2.714807e+01
8.737433e+00,5.217995e+25,2.592944e-01,2.714818e+01
8.737433e+00,5.217995e+25,3.039195e-01,2.714831e+01
8.737433e+00,5.217995e+25,3.562248e-01,2.714846e+01
8.737433e+00,5.217995e+25,4.175319e-01,2.714864e+01
8.737433e+00,5.217995e+25,4.893901e-01,2.714884e+01
8.737433e+00,5.217995e+25,5.736153e-01,2.714909e+01
8.737433e+00,5.217995e+25,6.723358e-01,2.714937e+01
8.737433e+00,5.217995e+25,7.880463e-01,2.714970e+01
8.737433e+00,5.217995e+25,9.236709e-01,2.715009e+01
8.737433e+00,5.217995e+25,1.000000e+00,2.715030e+01
8.737433e+00,5.217995e+25,1.082637e+00,2.715054e+01
8.737433e+00,5.217995e+25,1.268961e+00,2.715107e+01
8.737433e+00,5.217995e+25,1.487352e+00,2.715168e+01
8.737433e+00,5.217995e+25,1.743329e+00,2.715240e+01
8.737433e+00,5.217995e+25,2.043360e+00,2.715323e+01
8.737433e+00,5.217995e+25,2.395027e+00,2.715421e+01
8.737433e+00,5.217995e+25,2.807216e+00,2.715533e+01
8.737433e+00,5.217995e+25,3.290345e+00,2.715664e+01
8.737433e+00,5.217995e+25,3.856620e+00,2.715815e+01
8.737433e+00,5.217995e+25,4.520354e+00,2.716058e+01
8.737433e+00,5.217995e+25,5.298317e+00,2.716284e+01
8.737433e+00,5.217995e+25,6.210169e+00,2.716549e+01
8.737433e+00,5.217995e+25,7.278954e+00,2.716860e+01
8.737433e+00,5.217995e+25,8.531679e+00,2.717223e+01
8.737433e+00,5.217995e+25,1.000000e+01,2.717649e+01
9.420609e+00,5.625988e+25,1.000000e-01,2.787831e+01
9.420609e+00,5.625988e+25,1.172102e-01,2.787836e+01
9.420609e+00,5.625988e+25,1.373824e-01,2.787841e+01
9.420609e+00,5.625988e+25,1.610262e-01,2.787847e+01
9.420609e+00,5.625988e+25,1.887392e-01,2.787854e+01
9.420609e+00,5.625988e+25,2.212216e-01,2.787863e+01
9.420609e+00,5.625988e+25,2.592944e-01,2.787873e+01
9.420609e+00,5.625988e+25,3.039195e-01,2.787884e+01
9.420609e+00,5.625988e+25,3.562248e-01,2.787898e+01
9.420609e+00,5.625988e+25,4.175319e-01,2.787914e+01
9.420609e+00,5.625988e+25,4.893901e-01,2.787932e+01
9.420609e+00,5.625988e+25,5.736153e-01,2.787954e+01
9.420609e+00,5.625988e+25,6.723358e-01,2.787979e+01
9.420609e+00,5.625988e+25,7.880463e-01,2.788009e+01
9.420609e+00,5.625988e+25,9.236709e-01,2.788044e+01
9.420609e+00,5.625988e+25,1.000000e+00,2.788063e+01
9.420609e+00,5.625988e+25,1.082637e+00,2.788084e+01
9.420609e+00,5.625988e+25,1.268961e+00,2.788131e+01
9.420609e+00,5.625988e+25,1.487352e+00,2.788187e+01
9.420609e+00,5.625988e+25,1.743329e+00,2.788251e+01
9.420609e+00,5.625988e+25,2.043360e+00,2.788326e+01
9.420609e+00,5.625988e+25,2.395027e+00,2.788413e+01
9.420609e+00,5.625988e+25,2.807216e+00,2.788514e+01
9.420609e+00,5.625988e+25,3.290345e+00,2.788631e+01
9.420609e+00,5.625988e+25,3.856620e+00,2.788766e+01
9.420609e+00,5.625988e+25,4.520354e+00,2.788984e+01
9.420609e+00,5.625988e+25,5.298317e+00,2.789187e+01
9.420609e+00,5.625988e+25,6.210169e+00,2.789425e+01
9.420609e+00,5.625988e+25,7.278954e+00,2.789703e+01
9.420609e+00,5.625988e+25,8.531679e+00,2.790029e+01
9.420609e+00,5.625988e+25,1.000000e+01,2.790411e+01
1.015720e+01,6.065881e+25,1.000000e-01,2.862881e+01
1.015720e+01,6.065881e+25,1.172102e-01,2.862885e+01
1.015720e+01,6.065881e+25,1.373824e-01,2.862889e+01
1.015720e+01,6.065881e+25,1.610262e-01,2.862895e+01
1.015720e+01,6.065881e+25,1.887392e-01,2.862901e+01
1.015720e+01,6.065881e+25,2.212216e-01,2.862908e+01
1.015720e+01,6.065881e+25,2.592944e-01,2.862917e+01
1.015720e+01,6.065881e+25,3.039195e-01,2.862927e+01
1.015720e+01,6.065881e+25,3.562248e-01,2.862939e+01
1.015720e+01,6.065881e+25,4.175319e-01,2.862952e+01
1.015720e+01,6.065881e+25,4.893901e-01,2.862969e+01
1.015720e+01,6.065881e+25,5.736153e-01,2.862987e+01
1.015720e+01,6.065881e+25,6.723358e-01,2.863009e+01
1.015720e+01,6.065881e+25,7.880463e-01,2.863035e+01
1.015720e+01,6.065881e+25,9.236709e-01,2.863065e+01
1.015720e+01,6.065881e+25,1.000000e+00,2.863082e+01
1.015720e+01,6.065881e+25,1.082637e+00,2.863100e+01
1.015720e+01,6.065881e+25,1.268961e+00,2.863141e+01
1.015720e+01,6.065881e+25,1.487352e+00,2.863189e+01
1.015720e+01,6.065881e+25,1.743329e+00,2.863245e+01
1.015720e+01,6.065881e+25,2.043360e+00,2.863309e+01
1.015720e+01,6.065881e+25,2.395027e+00,2.863385e+01
1.015720e+01,6.065881e+25,2.807216e+00,2.863472e+01
1.015720e+01,6.065881e+25,3.290345e+00,2.863574e+01
1.015720e+01,6.065881e+25,3.856620e+00,2.863691e+01
1.015720e+01,6.065881e+25,4.520354e+00,2.863880e+01
1.015720e+01,6.065881e+25,5.298317e+00,2.864055e+01
1.015720e+01,6.065881e+25,6.210169e+00,2.864261e+01
1.015720e+01,6.065881e+25,7.278954e+00,2.864502e+01
1.015720e+01,6.065881e+25,8.531679e+00,2.864785e+01
1.015720e+01,6.065881e+25,1.000000e+01,2.865116e+01
1.095139e+01,6.540169e+25,1.000000e-01,2.939977e+01
1.095139e+01,6.540169e+25,1.172102e-01,2.939981e+01
1.095139e+01,6.540169e+25,1.373824e-01,2.939985e+01
1.095139e+01,6.540169e+25,1.610262e-01,2.939990e+01
1.095139e+01,6.540169e+25,1.887392e-01,2.939995e+01
1.095139e+01,6.540169e+25,2.212216e-01,2.940002e+01
1.095139e+01,6.540169e+25,2.592944e-01,2.940009e+01
1.095139e+01,6.540169e+25,3.039195e-01,2.940018e+01
1.095139e+01,6.540169e+25,3.562248e-01,2.940029e+01
1.095139e+01,6.540169e+25,4.175319e-01,2.940041e+01
1.095139e+01,6.540169e+25,4.893901e-01,2.940055e+01
1.095139e+01,6.540169e+25,5.736153e-01,2.940072e+01
1.095139e+01,6.540169e+25,6.723358e-01,2.940092e+01
1.095139e+01,6.540169e+25,7.880463e-01,2.940115e+01
1.095139e+01,6.540169e+25,9.236709e-01,2.940141e+01
1.095139e+01,6.540169e+25,1.000000e+00,2.940156e+01
1.095139e+01,6.540169e+25,1.082637e+00,2.940173e+01
1.095139e+01,6.540169e+25,1.268961e+00,2.940209e+01
1.095139e+01,6.540169e+25,1.487352e+00,2.940252e+01
1.095139e+01,6.540169e+25,1.743329e+00,2.940301e+01
1.095139e+01,6.540169e+25,2.043360e+00,2.940359e+01
1.095139e+01,6.540169e+25,2.395027e+00,2.940426e+01
1.095139e+01,6.540169e+25,2.807216e+00,2.940504e+01
1.095139e+01,6.540169e+25,3.290345e+00,2.940595e+01
1.095139e+01,6.540169e+25,3.856620e+00,2.940700e+01
1.095139e+01,6.540169e+25,4.520354e+00,2.940869e+01
1.095139e+01,6.540169e+25,5.298317e+00,2.941025e+01
1.095139e+01,6.540169e+25,6.210169e+00,2.941209e+01
1.095139e+01,6.540169e+25,7.278954e+00,2.941424e+01
1.095139e+01,6.540169e+25,8.531679e+00,2.941676e+01
1.095139e+01,6.540169e+25,1.000000e+01,2.941972e+01
1.180767e+01,7.051542e+25,1.000000e-01,3.019175e+01
1.180767e+01,7.051542e+25,1.172102e-01,3.019178e+01
1.180767e+01,7.051542e+25,1.373824e-01,3.019182e+01
1.180767e+01,7.051542e+25,1.610262e-01,3.019186e+01
1.180767e+01,7.051542e+25,1.887392e-01,3.019191e+01
1.180767e+01,7.051542e+25,2.212216e-01,3.019197e+01
1.180767e+01,7.051542e+25,2.592944e-01,3.019204e+01
1.180767e+01,7.051542e+25,3.039195e-01,3.019212e+01
1.180767e+01,7.051542e+25,3.562248e-01,3.019221e+01
1.180767e+01,7.051542e+25,4.175319e-01,3.019232e+01
1.180767e+01,7.051542e+25,4.893901e-01,3.019244e+01
1.180767e+01,7.051542e+25,5.736153e-01,3.019259e+01
1.180767e+01,7.051542e+25,6.723358e-01,3.019277e+01
1.180767e+01,7.051542e+25,7.880463e-01,3.019297e+01
1.180767e+01,7.051542e+25,9.236709e-01,3.019321e+01
1.180767e+01,7.051542e+25,1.000000e+00,3.019334e+01
1.180767e+01,7.051542e+25,1.082637e+00,3.019344e+01
1.180767e+01,7.051542e+25,1.268961e+00,3.019375e+01
1.180767e+01,7.051542e+25,1.487352e+00,3.019412e+01
1.180767e+01,7.051542e+25,1.743329e+00,3.019470e+01
1.180767e+01,7.051542e+25,2.043360e+00,3.019524e+01
1.180767e+01,7.051542e+25,2.395027e+00,3.019587e+01
1.180767e+01,7.051542e+25,2.807216e+00,3.019661e+01
1.180767e+01,7.051542e+25,3.290345e+00,3.019748e+01
1.180767e+01,7.051542e+25,3.856620e+00,3.019849e+01
1.180767e+01,7.051542e+25,4.520354e+00,3.019968e+01
1.180767e+01,7.051542e+25,5.298317e+00,3.020107e+01
1.180767e+01,7.051542e+25,6.210169e+00,3.020271e+01
1.180767e+01,7.051542e+25,7.278954e+00,3.020462e+01
1.180767e+01,7.051542e+25,8.531679e+00,3.020687e+01
1.180767e+01,7.051542e+25,1.000000e+01,3.020950e+01
1.273091e+01,7.602898e+25,1.000000e-01,3.100532e+01
1.273091e+01,7.602898e+25,1.172102e-01,3.100535e+01
1.273091e+01,7.602898e+25,1.373824e-01,3.100538e+01
1.273091e+01,7.602898e+25,1.610262e-01,3.100541e+01
1.273091e+01,7.602898e+25,1.887392e-01,3.100546e+01
1.273091e+01,7.602898e+25,2.212216e-01,3.100551e+01
1.273091e+01,7.602898e+25,2.592944e-01,3.100557e+01
1.273091e+01,7.602898e+25,3.039195e-01,3.100563e+01
1.273091e+01,7.602898e+25,3.562248e-01,3.100571e+01
1.273091e+01,7.602898e+25,4.175319e-01,3.100581e+01
1.273091e+01,7.602898e+25,4.893901e-01,3.100592e+01
1.273091e+01,7.602898e+25,5.736153e-01,3.100605e+01
1.273091e+01,7.602898e+25,6.723358e-01,3.100620e+01
1.273091e+01,7.602898e+25,7.880463e-01,3.100637e+01
1.273091e+01,7.602898e+25,9.236709e-01,3.100658e+01
1.273091e+01,7.602898e+25,1.000000e+00,3.100670e+01
1.273091e+01,7.602898e+25,1.082637e+00,3.100682e+01
1.273091e+01,7.602898e+25,1.268961e+00,3.100710e+01
1.273091e+01,7.602898e+25,1.487352e+00,3.100743e+01
1.273091e+01,7.602898e+25,1.743329e+00,3.100781e+01
1.273091e+01,7.602898e+25,2.043360e+00,3.100825e+01
1.273091e+01,7.602898e+25,2.395027e+00,3.100877e+01
1.273091e+01,7.602898e+25,2.807216e+00,3.100937e+01
1.273091e+01,7.602898e+25,3.290345e+00,3.101006e+01
1.273091e+01,7.602898e+25,3.856620e+00,3.101086e+01
1.273091e+01,7.602898e+25,4.520354e+00,3.101216e+01
1.273091e+01,7.602898e+25,5.298317e+00,3.101337e+01
1.273091e+01,7.602898e+25,6.210169e+00,3.101478e+01
1.273091e+01,7.602898e+25,7.278954e+00,3.101643e+01
1.273091e+01,7.602898e+25,8.531679e+00,3.101837e+01
1.273091e+01,7.602898e+25,1.000000e+01,3.102064e+01
1.372633e+01,8.197365e+25,1.000000e-01,3.184108e+01
1.372633e+01,8.197365e+25,1.172102e-01,3.184110e+01
1.372633e+01,8.197365e+25,1.373824e-01,3.184113e+01
1.372633e+01,8.197365e+25,1.610262e-01,3.184116e+01
1.372633e+01,8.197365e+25,1.887392e-01,3.184120e+01
1.372633e+01,8.197365e+25,2.212216e-01,3.184125e+01
1.372633e+01,8.197365e+25,2.592944e-01,3.184130e+01
1.372633e+01,8.197365e+25,3.039195e-01,3.184136e+01
1.372633e+01,8.197365e+25,3.562248e-01,3.184143e+01
1.372633e+01,8.197365e+25,4.175319e-01,3.184151e+01
1.372633e+01,8.197365e+25,4.893901e-01,3.184161e+01
1.372633e+01,8.197365e+25,5.736153e-01,3.184172e+01
1.372633e+01,8.197365e+25,6.723358e-01,3.184186e+01
1.372633e+01,8.197365e+25,7.880463e-01,3.184201e+01
1.372633e+01,8.197365e+25,9.236709e-01,3.184220e+01
1.372633e+01,8.197365e+25,1.000000e+00,3.184230e+01
1.372633e+01,8.197365e+25,1.082637e+00,3.184241e+01
1.372633e+01,8.197365e+25,1.268961e+00,3.184266e+01
1.372633e+01,8.197365e+25,1.487352e+00,3.184295e+01
1.372633e+01,8.197365e+25,1.743329e+00,3.184328e+01
1.372633e+01,8.197365e+25,2.043360e+00,3.184368e+01
1.372633e+01,8.197365e+25,2.395027e+00,3.184413e+01
1.372633e+01,8.197365e+25,2.807216e+00,3.184479e+01
1.372633e+01,8.197365e+25,3.290345e+00,3.184546e+01
1.372633e+01,8.197365e+25,3.856620e+00,3.184623e+01
1.372633e+01,8.197365e+25,4.520354e+00,3.184714e+01
1.372633e+01,8.197365e+25,5.298317e+00,3.184821e+01
1.372633e+01,8.197365e+25,6.210169e+00,3.184946e+01
1.372633e+01,8.197365e+25,7.278954e+00,3.185092e+01
1.372633e+01,8.197365e+25,8.531679e+00,3.185264e+01
1.372633e+01,8.197365e+25,1.000000e+01,3.185465e+01
1.479959e+01,8.838313e+25,1.000000e-01,3.269963e+01
1.479959e+01,8.838313e+25,1.172102e-01,3.269965e+01
1.479959e+01,8.838313e+25,1.373824e-01,3.269968e+01
1.479959e+01,8.838313e+25,1.610262e-01,3.269971e+01
1.479959e+01,8.838313e+25,1.887392e-01,3.269974e+01
1.479959e+01,8.838313e+25,2.212216e-01,3.269978e+01
1.479959e+01,8.838313e+25,2.592944e-01,3.269982e+01
1.479959e+01,8.838313e+25,3.039195e-01,3.269987e+01
1.479959e+01,8.838313e+25,3.562248e-01,3.269994e+01
1.479959e+01,8.838313e+25,4.175319e-01,3.270001e+01
1.479959e+01,8.838313e+25,4.893901e-01,3.270009e+01
1.479959e+01,8.838313e+25,5.736153e-01,3.270019e+01
1.479959e+01,8.838313e+25,6.723358e-01,3.270030e+01
1.479959e+01,8.838313e+25,7.880463e-01,3.270044e+01
1.479959e+01,8.838313e+25,9.236709e-01,3.270060e+01
1.479959e+01,8.838313e+25,1.000000e+00,3.270068e+01
1.479959e+01,8.838313e+25,1.082637e+00,3.270078e+01
1.479959e+01,8.838313e+25,1.268961e+00,3.270099e+01
1.479959e+01,8.838313e+25,1.487352e+00,3.270124e+01
1.479959e+01,8.838313e+25,1.743329e+00,3.270153e+01
1.479959e+01,8.838313e+25,2.043360e+00,3.270187e+01
1.479959e+01,8.838313e+25,2.395027e+00,3.270226e+01
1.479959e+01,8.838313e+25,2.807216e+00,3.270272e+01
1.479959e+01,8.838313e+25,3.290345e+00,3.270325e+01
1.479959e+01,8.838313e+25,3.856620e+00,3.270386e+01
1.479959e+01,8.838313e+25,4.520354e+00,3.270485e+01
1.479959e+01,8.838313e+25,5.298317e+00,3.270577e+01
1.479959e+01,8.838313e+25,6.210169e+00,3.270685e+01
1.479959e+01,8.838313e+25,7.278954e+00,3.270811e+01
1.479959e+01,8.838313e+25,8.531679e+00,3.270958e+01
1.479959e+01,8.838313e+25,1.000000e+01,3.271131e+01
1.595676e+01,9.529377e+25,1.000000e-01,3.358162e+01
1.595676e+01,9.529377e+25,1.172102e-01,3.358163e+01
1.595676e+01,9.529377e+25,1.373824e-01,3.358165e+01
1.595676e+01,9.529377e+25,1.610262e-01,3.358168e+01
1.595676e+01,9.529377e+25,1.887392e-01,3.358171e+01
1.595676e+01,9.529377e+25,2.212216e-01,3.358174e+01
1.595676e+01,9.529377e+25,2.592944e-01,3.358178e+01
1.595676e+01,9.529377e+25,3.039195e-01,3.358183e+01
1.595676e+01,9.529377e+25,3.562248e-01,3.358188e+01
1.595676e+01,9.529377e+25,4.175319e-01,3.358194e+01
1.595676e+01,9.529377e+25,4.893901e-01,3.358202e+01
1.595676e+01,9.529377e+25,5.736153e-01,3.358210e+01
1.595676e+01,9.529377e+25,6.723358e-01,3.358221e+01
1.595676e+01,9.529377e+25,7.880463e-01,3.358232e+01
1.595676e+01,9.529377e+25,9.236709e-01,3.358246e+01
1.595676e+01,9.529377e+25,1.000000e+00,3.358254e+01
1.595676e+01,9.529377e+25,1.082637e+00,3.358262e+01
1.595676e+01,9.529377e+25,1.268961e+00,3.358281e+01
1.595676e+01,9.529377e+25,1.487352e+00,3.358303e+01
1.595676e+01,9.529377e+25,1.743329e+00,3.358329e+01
1.595676e+01,9.529377e+25,2.043360e+00,3.358358e+01
1.595676e+01,9.529377e+25,2.395027e+00,3.358393e+01
1.595676e+01,9.529377e+25,2.807216e+00,3.358433e+01
1.595676e+01,9.529377e+25,3.290345e+00,3.358480e+01
1.595676e+01,9.529377e+25,3.856620e+00,3.358552e+01
1.595676e+01,9.529377e+25,4.520354e+00,3.358621e+01
1.595676e+01,9.529377e+25,5.298317e+00,3.358702e+01
1.595676e+01,9.529377e+25,6.210169e+00,3.358797e+01
1.595676e+01,9.529377e+25,7.278954e+00,3.358908e+01
1.595676e+01,9.529377e+25,8.531679e+00,3.359038e+01
1.595676e+01,9.529377e+25,1.000000e+01,3.359191e+01
1.720441e+01,1.027447e+26,1.000000e-01,3.448766e+01
1.720441e+01,1.027447e+26,1.172102e-01,3.448768e+01
1.720441e+01,1.027447e+26,1.373824e-01,3.448769e+01
1.720441e+01,1.027447e+26,1.610262e-01,3.448772e+01
1.720441e+01,1.027447e+26,1.887392e-01,3.448774e+01
1.720441e+01,1.027447e+26,2.212216e-01,3.448777e+01
1.720441e+01,1.027447e+26,2.592944e-01,3.448780e+01
1.720441e+01,1.027447e+26,3.039195e-01,3.448784e+01
1.720441e+01,1.027447e+26,3.562248e-01,3.448789e+01
1.720441e+01,1.027447e+26,4.175319e-01,3.448794e+01
1.720441e+01,1.027447e+26,4.893901e-01,3.448801e+01
1.720441e+01,1.027447e+26,5.736153e-01,3.448808e+01
1.720441e+01,1.027447e+26,6.723358e-01,3.448817e+01
1.720441e+01,1.027447e+26,7.880463e-01,3.448827e+01
1.720441e+01,1.027447e+26,9.236709e-01,3.448839e+01
1.720441e+01,1.027447e+26,1.000000e+00,3.448845e+01
1.720441e+01,1.027447e+26,1.082637e+00,3.448853e+01
1.720441e+01,1.027447e+26,1.268961e+00,3.448869e+01
1.720441e+01,1.027447e+26,1.487352e+00,3.448888e+01
1.720441e+01,1.027447e+26,1.743329e+00,3.448910e+01
1.720441e+01,1.027447e+26,2.043360e+00,3.448935e+01
1.720441e+01,1.027447e+26,2.395027e+00,3.448965e+01
1.720441e+01,1.027447e+26,2.807216e+00,3.448999e+01
1.720441e+01,1.027447e+26,3.290345e+00,3.449039e+01
1.720441e+01,1.027447e+26,3.856620e+00,3.449086e+01
1.720441e+01,1.027447e+26,4.520354e+00,3.449161e+01
1.720441e+01,1.027447e+26,5.298317e+00,3.449230e+01
1.720441e+01,1.027447e+26,6.210169e+00,3.449311e+01
1.720441e+01,1.027447e+26,7.278954e+00,3.449407e+01
1.720441e+01,1.027447e+26,8.531679e+00,3.449518e+01
1.720441e+01,1.027447e+26,1.000000e+01,3.449649e+01
1.854961e+01,1.107783e+26,1.000000e-01,3.541844e+01
1.854961e+01,1.107783e+26,1.172102e-01,3.541845e+01
1.854961e+01,1.107783e+26,1.373824e-01,3.541847e+01
1.854961e+01,1.107783e+26,1.610262e-01,3.541849e+01
1.854961e+01,1.107783e+26,1.887392e-01,3.541851e+01
1.854961e+01,1.107783e+26,2.212216e-01,3.541853e+01
1.854961e+01,1.107783e+26,2.592944e-01,3.541856e+01
1.854961e+01,1.107783e+26,3.039195e-01,3.541860e+01
1.854961e+01,1.107783e+26,3.562248e-01,3.541864e+01
1.854961e+01,1.107783e+26,4.175319e-01,3.541868e+01
1.854961e+01,1.107783e+26,4.893901e-01,3.541874e+01
1.854961e+01,1.107783e+26,5.736153e-01,3.541881e+01
1.854961e+01,1.107783e+26,6.723358e-01,3.541888e+01
1.854961e+01,1.107783e+26,7.880463e-01,3.541897e+01
1.854961e+01,1.107783e+26,9.236709e-01,3.541907e+01
1.854961e+01,1.107783e+26,1.000000e+00,3.541913e+01
1.854961e+01,1.107783e+26,1.082637e+00,3.541920e+01
1.854961e+01,1.107783e+26,1.268961e+00,3.541934e+01
1.854961e+01,1.107783e+26,1.487352e+00,3.541950e+01
1.854961e+01,1.107783e+26,1.743329e+00,3.541969e+01
1.854961e+01,1.107783e+26,2.043360e+00,3.541992e+01
1.854961e+01,1.107783e+26,2.395027e+00,3.542018e+01
1.854961e+01,1.107783e+26,2.807216e+00,3.542048e+01
1.854961e+01,1.107783e+26,3.290345e+00,3.542083e+01
1.854961e+01,1.107783e+26,3.856620e+00,3.542123e+01
1.854961e+01,1.107783e+26,4.520354e+00,3.542189e+01
1.854961e+01,1.107783e+26,5.298317e+00,3.542250e+01
1.854961e+01,1.107783e+26,6.210169e+00,3.542321e+01
1.854961e+01,1.107783e+26,7.278954e+00,3.542405e+01
1.854961e+01,1.107783e+26,8.531679e+00,3.542503e+01
1.854961e+01,1.107783e+26,1.000000e+01,3.542617e+01
2.000000e+01,1.194400e+26,1.000000e-01,3.637462e+01
2.000000e+01,1.194400e+26,1.172102e-01,3.637463e+01
2.000000e+01,1.194400e+26,1.373824e-01,3.637465e+01
2.000000e+01,1.194400e+26,1.610262e-01,3.637466e+01
2.000000e+01,1.194400e+26,1.887392e-01,3.637468e+01
2.000000e+01,1.194400e+26,2.212216e-01,3.637470e+01
2.000000e+01,1.194400e+26,2.592944e-01,3.637473e+01
2.000000e+01,1.194400e+26,3.039195e-01,3.637476e+01
2.000000e+01,1.194400e+26,3.562248e-01,3.637479e+01
2.000000e+01,1.194400e+26,4.175319e-01,3.637483e+01
2.000000e+01,1.194400e+26,4.893901e-01,3.637488e+01
2.000000e+01,1.194400e+26,5.736153e-01,3.637494e+01
2.000000e+01,1.194400e+26,6.723358e-01,3.637500e+01
2.000000e+01,1.194400e+26,7.880463e-01,3.637508e+01
2.000000e+01,1.194400e+26,9.236709e-01,3.637517e+01
2.000000e+01,1.194400e+26,1.000000e+00,3.637522e+01
2.000000e+01,1.194400e+26,1.082637e+00,3.637527e+01
2.000000e+01,1.194400e+26,1.268961e+00,3.637539e+01
2.000000e+01,1.194400e+26,1.487352e+00,3.637553e+01
2.000000e+01,1.194400e+26,1.743329e+00,3.637570e+01
2.000000e+01,1.194400e+26,2.043360e+00,3.637589e+01
2.000000e+01,1.194400e+26,2.395027e+00,3.637611e+01
2.000000e+01,1.194400e+26,2.807216e+00,3.637637e+01
2.000000e+01,1.194400e+26,3.290345e+00,3.637667e+01
2.000000e+01,1.194400e+26,3.856620e+00,3.637701e+01
2.000000e+01,1.194400e+26,4.520354e+00,3.637758e+01
2.000000e+01,1.194400e+26,5.298317e+00,3.637810e+01
2.000000e+01,1.194400e+26,6.210169e+00,3.637871e+01
2.000000e+01,1.194400e+26,7.278954e+00,3.637942e+01
2.000000e+01,1.194400e+26,8.531679e+00,3.638026e+01
2.000000e+01,1.194400e+26,1.000000e+01,3.638124e+01
