M_planet (M_Earth),M_planet (kg),Pressure (bar),Launch Mass (tons)
5.000000e-01,2.986000e+24,1.000000e-01,1.629222e+01
5.000000e-01,2.986000e+24,1.172102e-01,1.630107e+01
5.000000e-01,2.986000e+24,1.373824e-01,1.631145e+01
5.000000e-01,2.986000e+24,1.610262e-01,1.632362e+01
5.000000e-01,2.986000e+24,1.887392e-01,1.633789e+01
5.000000e-01,2.986000e+24,2.212216e-01,1.635462e+01
5.000000e-01,2.986000e+24,2.592944e-01,1.637425e+01
5.000000e-01,2.986000e+24,3.039195e-01,1.639727e+01
5.000000e-01,2.986000e+24,3.562248e-01,1.642429e+01
5.000000e-01,2.986000e+24,4.175319e-01,1.645598e+01
5.000000e-01,2.986000e+24,4.893901e-01,1.649318e+01
5.000000e-01,2.986000e+24,5.736153e-01,1.653684e+01
5.000000e-01,2.986000e+24,6.723358e-01,1.658810e+01
5.000000e-01,2.986000e+24,7.880463e-01,1.664830e+01
5.000000e-01,2.986000e+24,9.236709e-01,1.671903e+01
5.000000e-01,2.986000e+24,1.000000e+00,1.675892e+01
5.000000e-01,2.986000e+24,1.082637e+00,1.680216e+01
5.000000e-01,2.986000e+24,1.268961e+00,1.689990e+01
5.000000e-01,2.986000e+24,1.487352e+00,1.701487e+01
5.000000e-01,2.986000e+24,1.743329e+00,1.715020e+01
5.000000e-01,2.986000e+24,2.043360e+00,1.730960e+01
5.000000e-01,2.986000e+24,2.395027e+00,1.749747e+01
5.000000e-01,2.986000e+24,2.807216e+00,1.771910e+01
5.000000e-01,2.986000e+24,3.290345e+00,1.798078e+01
5.000000e-01,2.986000e+24,3.856620e+00,1.829006e+01
5.000000e-01,2.986000e+24,4.520354e+00,1.865598e+01
5.000000e-01,2.986000e+24,5.298317e+00,1.908940e+01
5.000000e-01,2.986000e+24,6.210169e+00,1.960332e+01
5.000000e-01,2.986000e+24,7.278954e+00,2.021328e+01
5.000000e-01,2.986000e+24,8.531679e+00,2.093772e+01
5.000000e-01,2.986000e+24,1.000000e+01,2.179831e+01
5.390948e-01,3.219474e+24,1.000000e-01,1.777642e+01
5.390948e-01,3.219474e+24,1.172102e-01,1.778569e+01
5.390948e-01,3.219474e+24,1.373824e-01,1.779656e+01
5.390948e-01,3.219474e+24,1.610262e-01,1.780930e+01
5.390948e-01,3.219474e+24,1.887392e-01,1.782425e+01
5.390948e-01,3.219474e+24,2.212216e-01,1.784178e+01
5.390948e-01,3.219474e+24,2.592944e-01,1.786233e+01
5.390948e-01,3.219474e+24,3.039195e-01,1.788644e+01
5.390948e-01,3.219474e+24,3.562248e-01,1.791472e+01
5.390948e-01,3.219474e+24,4.175319e-01,1.794790e+01
5.390948e-01,3.219474e+24,4.893901e-01,1.798684e+01
5.390948e-01,3.219474e+24,5.736153e-01,1.803253e+01
5.390948e-01,3.219474e+24,6.723358e-01,1.808617e+01
5.390948e-01,3.219474e+24,7.880463e-01,1.814916e+01
5.390948e-01,3.219474e+24,9.236709e-01,1.822313e+01
5.390948e-01,3.219474e+24,1.000000e+00,1.826484e+01
5.390948e-01,3.219474e+24,1.082637e+00,1.831005e+01
5.390948e-01,3.219474e+24,1.268961e+00,1.841220e+01
5.390948e-01,3.219474e+24,1.487352e+00,1.853233e+01
5.390948e-01,3.219474e+24,1.743329e+00,1.867364e+01
5.390948e-01,3.219474e+24,2.043360e+00,1.884000e+01
5.390948e-01,3.219474e+24,2.395027e+00,1.903594e+01
5.390948e-01,3.219474e+24,2.807216e+00,1.926690e+01
5.390948e-01,3.219474e+24,3.290345e+00,1.953934e+01
5.390948e-01,3.219474e+24,3.856620e+00,1.986099e+01
5.390948e-01,3.219474e+24,4.520354e+00,2.024105e+01
5.390948e-01,3.219474e+24,5.298317e+00,2.069052e+01
5.390948e-01,3.219474e+24,6.210169e+00,2.122250e+01
5.390948e-01,3.219474e+24,7.278954e+00,2.185252e+01
5.390948e-01,3.219474e+24,8.531679e+00,2.259887e+01
5.390948e-01,3.219474e+24,1.000000e+01,2.348277e+01
5.812463e-01,3.471203e+24,1.000000e-01,1.946661e+01
5.812463e-01,3.471203e+24,1.172102e-01,1.947635e+01
5.812463e-01,3.471203e+24,1.373824e-01,1.948777e+01
5.812463e-01,3.471203e+24,1.610262e-01,1.950117e+01
5.812463e-01,3.471203e+24,1.887392e-01,1.951687e+01
5.812463e-01,3.471203e+24,2.212216e-01,1.953529e+01
5.812463e-01,3.471203e+24,2.592944e-01,1.955688e+01
5.812463e-01,3.471203e+24,3.039195e-01,1.958221e+01
5.812463e-01,3.471203e+24,3.562248e-01,1.961192e+01
5.812463e-01,3.471203e+24,4.175319e-01,1.964677e+01
5.812463e-01,3.471203e+24,4.893901e-01,1.968766e+01
5.812463e-01,3.471203e+24,5.736153e-01,1.973564e+01
5.812463e-01,3.471203e+24,6.723358e-01,1.979195e+01
5.812463e-01,3.471203e+24,7.880463e-01,1.985806e+01
5.812463e-01,3.471203e+24,9.236709e-01,1.993569e+01
5.812463e-01,3.471203e+24,1.000000e+00,1.997944e+01
5.812463e-01,3.471203e+24,1.082637e+00,2.002686e+01
5.812463e-01,3.471203e+24,1.268961e+00,2.013399e+01
5.812463e-01,3.471203e+24,1.487352e+00,2.025990e+01
5.812463e-01,3.471203e+24,1.743329e+00,2.040797e+01
5.812463e-01,3.471203e+24,2.043360e+00,2.058216e+01
5.812463e-01,3.471203e+24,2.395027e+00,2.078719e+01
5.812463e-01,3.471203e+24,2.807216e+00,2.102868e+01
5.812463e-01,3.471203e+24,3.290345e+00,2.131328e+01
5.812463e-01,3.471203e+24,3.856620e+00,2.164890e+01
5.812463e-01,3.471203e+24,4.520354e+00,2.204497e+01
5.812463e-01,3.471203e+24,5.298317e+00,2.251265e+01
5.812463e-01,3.471203e+24,6.210169e+00,2.306518e+01
5.812463e-01,3.471203e+24,7.278954e+00,2.371813e+01
5.812463e-01,3.471203e+24,8.531679e+00,2.448965e+01
5.812463e-01,3.471203e+24,1.000000e+01,2.540055e+01
6.266937e-01,3.742615e+24,1.000000e-01,2.140071e+01
6.266937e-01,3.742615e+24,1.172102e-01,2.141099e+01
6.266937e-01,3.742615e+24,1.373824e-01,2.142303e+01
6.266937e-01,3.742615e+24,1.610262e-01,2.143716e+01
6.266937e-01,3.742615e+24,1.887392e-01,2.145372e+01
6.266937e-01,3.742615e+24,2.212216e-01,2.147314e+01
6.266937e-01,3.742615e+24,2.592944e-01,2.149591e+01
6.266937e-01,3.742615e+24,3.039195e-01,2.152261e+01
6.266937e-01,3.742615e+24,3.562248e-01,2.155393e+01
6.266937e-01,3.742615e+24,4.175319e-01,2.159067e+01
6.266937e-01,3.742615e+24,4.893901e-01,2.163376e+01
6.266937e-01,3.742615e+24,5.736153e-01,2.168432e+01
6.266937e-01,3.742615e+24,6.723358e-01,2.174365e+01
6.266937e-01,3.742615e+24,7.880463e-01,2.181329e+01
6.266937e-01,3.742615e+24,9.236709e-01,2.189503e+01
6.266937e-01,3.742615e+24,1.000000e+00,2.194110e+01
6.266937e-01,3.742615e+24,1.082637e+00,2.199102e+01
6.266937e-01,3.742615e+24,1.268961e+00,2.210376e+01
6.266937e-01,3.742615e+24,1.487352e+00,2.223622e+01
6.266937e-01,3.742615e+24,1.743329e+00,2.239190e+01
6.266937e-01,3.742615e+24,2.043360e+00,2.257495e+01
6.266937e-01,3.742615e+24,2.395027e+00,2.279027e+01
6.266937e-01,3.742615e+24,2.807216e+00,2.304367e+01
6.266937e-01,3.742615e+24,3.290345e+00,2.334204e+01
6.266937e-01,3.742615e+24,3.856620e+00,2.369351e+01
6.266937e-01,3.742615e+24,4.520354e+00,2.410774e+01
6.266937e-01,3.742615e+24,5.298317e+00,2.459613e+01
6.266937e-01,3.742615e+24,6.210169e+00,2.517207e+01
6.266937e-01,3.742615e+24,7.278954e+00,2.585122e+01
6.266937e-01,3.742615e+24,8.531679e+00,2.665164e+01
6.266937e-01,3.742615e+24,1.000000e+01,2.759374e+01
6.756945e-01,4.035248e+24,1.000000e-01,2.362551e+01
6.756945e-01,4.035248e+24,1.172102e-01,2.363639e+01
6.756945e-01,4.035248e+24,1.373824e-01,2.364914e+01
6.756945e-01,4.035248e+24,1.610262e-01,2.366410e+01
6.756945e-01,4.035248e+24,1.887392e-01,2.368163e+01
6.756945e-01,4.035248e+24,2.212216e-01,2.370218e+01
6.756945e-01,4.035248e+24,2.592944e-01,2.372629e+01
6.756945e-01,4.035248e+24,3.039195e-01,2.375455e+01
6.756945e-01,4.035248e+24,3.562248e-01,2.378769e+01
6.756945e-01,4.035248e+24,4.175319e-01,2.382656e+01
6.756945e-01,4.035248e+24,4.893901e-01,2.387216e+01
6.756945e-01,4.035248e+24,5.736153e-01,2.392564e+01
6.756945e-01,4.035248e+24,6.723358e-01,2.398839e+01
6.756945e-01,4.035248e+24,7.880463e-01,2.406203e+01
6.756945e-01,4.035248e+24,9.236709e-01,2.414845e+01
6.756945e-01,4.035248e+24,1.000000e+00,2.419713e+01
6.756945e-01,4.035248e+24,1.082637e+00,2.424989e+01
6.756945e-01,4.035248e+24,1.268961e+00,2.436899e+01
6.756945e-01,4.035248e+24,1.487352e+00,2.450888e+01
6.756945e-01,4.035248e+24,1.743329e+00,2.467320e+01
6.756945e-01,4.035248e+24,2.043360e+00,2.486631e+01
6.756945e-01,4.035248e+24,2.395027e+00,2.509331e+01
6.756945e-01,4.035248e+24,2.807216e+00,2.536025e+01
6.756945e-01,4.035248e+24,3.290345e+00,2.567426e+01
6.756945e-01,4.035248e+24,3.856620e+00,2.604376e+01
6.756945e-01,4.035248e+24,4.520354e+00,2.647867e+01
6.756945e-01,4.035248e+24,5.298317e+00,2.699066e+01
6.756945e-01,4.035248e+24,6.210169e+00,2.759334e+01
6.756945e-01,4.035248e+24,7.278954e+00,2.830247e+01
6.756945e-01,4.035248e+24,8.531679e+00,2.913606e+01
6.756945e-01,4.035248e+24,1.000000e+01,3.011413e+01
7.285268e-01,4.350762e+24,1.000000e-01,2.619920e+01
7.285268e-01,4.350762e+24,1.172102e-01,2.621077e+01
7.285268e-01,4.350762e+24,1.373824e-01,2.622433e+01
7.285268e-01,4.350762e+24,1.610262e-01,2.624022e+01
7.285268e-01,4.350762e+24,1.887392e-01,2.625886e+01
7.285268e-01,4.350762e+24,2.212216e-01,2.628071e+01
7.285268e-01,4.350762e+24,2.592944e-01,2.630633e+01
7.285268e-01,4.350762e+24,3.039195e-01,2.633636e+01
7.285268e-01,4.350762e+24,3.562248e-01,2.637159e+01
7.285268e-01,4.350762e+24,4.175319e-01,2.641289e+01
7.285268e-01,4.350762e+24,4.893901e-01,2.646133e+01
7.285268e-01,4.350762e+24,5.736153e-01,2.651815e+01
7.285268e-01,4.350762e+24,6.723358e-01,2.658480e+01
7.285268e-01,4.350762e+24,7.880463e-01,2.666299e+01
7.285268e-01,4.350762e+24,9.236709e-01,2.675473e+01
7.285268e-01,4.350762e+24,1.000000e+00,2.680641e+01
7.285268e-01,4.350762e+24,1.082637e+00,2.686239e+01
7.285268e-01,4.350762e+24,1.268961e+00,2.698875e+01
7.285268e-01,4.350762e+24,1.487352e+00,2.713710e+01
7.285268e-01,4.350762e+24,1.743329e+00,2.731128e+01
7.285268e-01,4.350762e+24,2.043360e+00,2.751586e+01
7.285268e-01,4.350762e+24,2.395027e+00,2.775618e+01
7.285268e-01,4.350762e+24,2.807216e+00,2.803855e+01
7.285268e-01,4.350762e+24,3.290345e+00,2.837042e+01
7.285268e-01,4.350762e+24,3.856620e+00,2.876051e+01
7.285268e-01,4.350762e+24,4.520354e+00,2.921906e+01
7.285268e-01,4.350762e+24,5.298317e+00,2.975803e+01
7.285268e-01,4.350762e+24,6.210169e+00,3.039132e+01
7.285268e-01,4.350762e+24,7.278954e+00,3.113484e+01
7.285268e-01,4.350762e+24,8.531679e+00,3.200655e+01
7.285268e-01,4.350762e+24,1.000000e+01,3.346984e+01
7.854899e-01,4.690946e+24,1.000000e-01,2.919481e+01
7.854899e-01,4.690946e+24,1.172102e-01,2.920717e+01
7.854899e-01,4.690946e+24,1.373824e-01,2.922165e+01
7.854899e-01,4.690946e+24,1.610262e-01,2.923863e+01
7.854899e-01,4.690946e+24,1.887392e-01,2.925853e+01
7.854899e-01,4.690946e+24,2.212216e-01,2.928186e+01
7.854899e-01,4.690946e+24,2.592944e-01,2.930922e+01
7.854899e-01,4.690946e+24,3.039195e-01,2.934129e+01
7.854899e-01,4.690946e+24,3.562248e-01,2.937889e+01
7.854899e-01,4.690946e+24,4.175319e-01,2.942299e+01
7.854899e-01,4.690946e+24,4.893901e-01,2.947469e+01
7.854899e-01,4.690946e+24,5.736153e-01,2.953533e+01
7.854899e-01,4.690946e+24,6.723358e-01,2.960644e+01
7.854899e-01,4.690946e+24,7.880463e-01,2.968985e+01
7.854899e-01,4.690946e+24,9.236709e-01,2.978769e+01
7.854899e-01,4.690946e+24,1.000000e+00,2.984279e+01
7.854899e-01,4.690946e+24,1.082637e+00,2.990247e+01
7.854899e-01,4.690946e+24,1.268961e+00,3.003715e+01
7.854899e-01,4.690946e+24,1.487352e+00,3.019519e+01
7.854899e-01,4.690946e+24,1.743329e+00,3.038068e+01
7.854899e-01,4.690946e+24,2.043360e+00,3.059839e+01
7.854899e-01,4.690946e+24,2.395027e+00,3.085399e+01
7.854899e-01,4.690946e+24,2.807216e+00,3.115407e+01
7.854899e-01,4.690946e+24,3.290345e+00,3.150641e+01
7.854899e-01,4.690946e+24,3.856620e+00,3.192012e+01
7.854899e-01,4.690946e+24,4.520354e+00,3.240579e+01
7.854899e-01,4.690946e+24,5.298317e+00,3.297576e+01
7.854899e-01,4.690946e+24,6.210169e+00,3.364422e+01
7.854899e-01,4.690946e+24,7.278954e+00,3.442729e+01
7.854899e-01,4.690946e+24,8.531679e+00,3.570147e+01
7.854899e-01,4.690946e+24,1.000000e+01,3.693431e+01
8.469070e-01,5.057729e+24,1.000000e-01,3.270494e+01
8.469070e-01,5.057729e+24,1.172102e-01,3.271820e+01
8.469070e-01,5.057729e+24,1.373824e-01,3.273375e+01
8.469070e-01,5.057729e+24,1.610262e-01,3.275197e+01
8.469070e-01,5.057729e+24,1.887392e-01,3.277333e+01
8.469070e-01,5.057729e+24,2.212216e-01,3.279838e+01
8.469070e-01,5.057729e+24,2.592944e-01,3.282773e+01
8.469070e-01,5.057729e+24,3.039195e-01,3.286215e+01
8.469070e-01,5.057729e+24,3.562248e-01,3.290250e+01
8.469070e-01,5.057729e+24,4.175319e-01,3.294981e+01
8.469070e-01,5.057729e+24,4.893901e-01,3.300527e+01
8.469070e-01,5.057729e+24,5.736153e-01,3.307031e+01
8.469070e-01,5.057729e+24,6.723358e-01,3.314657e+01
8.469070e-01,5.057729e+24,7.880463e-01,3.323600e+01
8.469070e-01,5.057729e+24,9.236709e-01,3.334087e+01
8.469070e-01,5.057729e+24,1.000000e+00,3.339992e+01
8.469070e-01,5.057729e+24,1.082637e+00,3.346387e+01
8.469070e-01,5.057729e+24,1.268961e+00,3.360814e+01
8.469070e-01,5.057729e+24,1.487352e+00,3.377736e+01
8.469070e-01,5.057729e+24,1.743329e+00,3.397587e+01
8.469070e-01,5.057729e+24,2.043360e+00,3.420874e+01
8.469070e-01,5.057729e+24,2.395027e+00,3.448194e+01
8.469070e-01,5.057729e+24,2.807216e+00,3.480244e+01
8.469070e-01,5.057729e+24,3.290345e+00,3.517841e+01
8.469070e-01,5.057729e+24,3.856620e+00,3.561935e+01
8.469070e-01,5.057729e+24,4.520354e+00,3.613631e+01
8.469070e-01,5.057729e+24,5.298317e+00,3.674204e+01
8.469070e-01,5.057729e+24,6.210169e+00,3.745108e+01
8.469070e-01,5.057729e+24,7.278954e+00,3.827981e+01
8.469070e-01,5.057729e+24,8.531679e+00,3.967081e+01
8.469070e-01,5.057729e+24,1.000000e+01,4.098714e+01
9.131262e-01,5.453190e+24,1.000000e-01,3.684823e+01
9.131262e-01,5.453190e+24,1.172102e-01,3.686255e+01
9.131262e-01,5.453190e+24,1.373824e-01,3.687933e+01
9.131262e-01,5.453190e+24,1.610262e-01,3.689900e+01
9.131262e-01,5.453190e+24,1.887392e-01,3.692205e+01
9.131262e-01,5.453190e+24,2.212216e-01,3.694908e+01
9.131262e-01,5.453190e+24,2.592944e-01,3.698076e+01
9.131262e-01,5.453190e+24,3.039195e-01,3.701790e+01
9.131262e-01,5.453190e+24,3.562248e-01,3.706144e+01
9.131262e-01,5.453190e+24,4.175319e-01,3.711248e+01
9.131262e-01,5.453190e+24,4.893901e-01,3.717231e+01
9.131262e-01,5.453190e+24,5.736153e-01,3.724246e+01
9.131262e-01,5.453190e+24,6.723358e-01,3.732470e+01
9.131262e-01,5.453190e+24,7.880463e-01,3.742111e+01
9.131262e-01,5.453190e+24,9.236709e-01,3.753415e+01
9.131262e-01,5.453190e+24,1.000000e+00,3.759778e+01
9.131262e-01,5.453190e+24,1.082637e+00,3.766669e+01
9.131262e-01,5.453190e+24,1.268961e+00,3.782208e+01
9.131262e-01,5.453190e+24,1.487352e+00,3.800428e+01
9.131262e-01,5.453190e+24,1.743329e+00,3.821791e+01
9.131262e-01,5.453190e+24,2.043360e+00,3.846838e+01
9.131262e-01,5.453190e+24,2.395027e+00,3.876201e+01
9.131262e-01,5.453190e+24,2.807216e+00,3.910621e+01
9.131262e-01,5.453190e+24,3.290345e+00,3.950958e+01
9.131262e-01,5.453190e+24,3.856620e+00,3.998213e+01
9.131262e-01,5.453190e+24,4.520354e+00,4.053539e+01
9.131262e-01,5.453190e+24,5.298317e+00,4.118260e+01
9.131262e-01,5.453190e+24,6.210169e+00,4.193874e+01
9.131262e-01,5.453190e+24,7.278954e+00,4.316980e+01
9.131262e-01,5.453190e+24,8.531679e+00,4.434888e+01
9.131262e-01,5.453190e+24,1.000000e+01,4.576276e+01
9.845231e-01,5.879572e+24,1.000000e-01,4.177855e+01
9.845231e-01,5.879572e+24,1.172102e-01,4.179410e+01
9.845231e-01,5.879572e+24,1.373824e-01,4.181232e+01
9.845231e-01,5.879572e+24,1.610262e-01,4.183369e+01
9.845231e-01,5.879572e+24,1.887392e-01,4.185873e+01
9.845231e-01,5.879572e+24,2.212216e-01,4.188808e+01
9.845231e-01,5.879572e+24,2.592944e-01,4.192248e+01
9.845231e-01,5.879572e+24,3.039195e-01,4.196281e+01
9.845231e-01,5.879572e+24,3.562248e-01,4.201008e+01
9.845231e-01,5.879572e+24,4.175319e-01,4.206549e+01
9.845231e-01,5.879572e+24,4.893901e-01,4.213043e+01
9.845231e-01,5.879572e+24,5.736153e-01,4.220655e+01
9.845231e-01,5.879572e+24,6.723358e-01,4.229578e+01
9.845231e-01,5.879572e+24,7.880463e-01,4.240037e+01
9.845231e-01,5.879572e+24,9.236709e-01,4.252297e+01
9.845231e-01,5.879572e+24,1.000000e+00,4.259196e+01
9.845231e-01,5.879572e+24,1.082637e+00,4.266666e+01
9.845231e-01,5.879572e+24,1.268961e+00,4.283507e+01
9.845231e-01,5.879572e+24,1.487352e+00,4.303246e+01
9.845231e-01,5.879572e+24,1.743329e+00,4.326377e+01
9.845231e-01,5.879572e+24,2.043360e+00,4.353481e+01
9.845231e-01,5.879572e+24,2.395027e+00,4.385234e+01
9.845231e-01,5.879572e+24,2.807216e+00,4.422424e+01
9.845231e-01,5.879572e+24,3.290345e+00,4.465965e+01
9.845231e-01,5.879572e+24,3.856620e+00,4.516912e+01
9.845231e-01,5.879572e+24,4.520354e+00,4.576479e+01
9.845231e-01,5.879572e+24,5.298317e+00,4.646044e+01
9.845231e-01,5.879572e+24,6.210169e+00,4.727153e+01
9.845231e-01,5.879572e+24,7.278954e+00,4.863123e+01
9.845231e-01,5.879572e+24,8.531679e+00,4.990672e+01
9.845231e-01,5.879572e+24,1.000000e+01,5.143538e+01
1.061503e+00,6.339293e+24,1.000000e-01,4.769809e+01
1.061503e+00,6.339293e+24,1.172102e-01,4.771509e+01
1.061503e+00,6.339293e+24,1.373824e-01,4.773503e+01
1.061503e+00,6.339293e+24,1.610262e-01,4.775839e+01
1.061503e+00,6.339293e+24,1.887392e-01,4.778577e+01
1.061503e+00,6.339293e+24,2.212216e-01,4.781787e+01
1.061503e+00,6.339293e+24,2.592944e-01,4.785549e+01
1.061503e+00,6.339293e+24,3.039195e-01,4.789957e+01
1.061503e+00,6.339293e+24,3.562248e-01,4.795125e+01
1.061503e+00,6.339293e+24,4.175319e-01,4.801181e+01
1.061503e+00,6.339293e+24,4.893901e-01,4.808279e+01
1.061503e+00,6.339293e+24,5.736153e-01,4.816597e+01
1.061503e+00,6.339293e+24,6.723358e-01,4.826346e+01
1.061503e+00,6.339293e+24,7.880463e-01,4.837770e+01
1.061503e+00,6.339293e+24,9.236709e-01,4.851157e+01
1.061503e+00,6.339293e+24,1.000000e+00,4.858689e+01
1.061503e+00,6.339293e+24,1.082637e+00,4.866843e+01
1.061503e+00,6.339293e+24,1.268961e+00,4.885221e+01
1.061503e+00,6.339293e+24,1.487352e+00,4.906750e+01
1.061503e+00,6.339293e+24,1.743329e+00,4.931967e+01
1.061503e+00,6.339293e+24,2.043360e+00,4.961498e+01
1.061503e+00,6.339293e+24,2.395027e+00,4.996068e+01
1.061503e+00,6.339293e+24,2.807216e+00,5.036524e+01
1.061503e+00,6.339293e+24,3.290345e+00,5.083839e+01
1.061503e+00,6.339293e+24,3.856620e+00,5.139136e+01
1.061503e+00,6.339293e+24,4.520354e+00,5.203695e+01
1.061503e+00,6.339293e+24,5.298317e+00,5.278958e+01
1.061503e+00,6.339293e+24,6.210169e+00,5.401466e+01
1.061503e+00,6.339293e+24,7.278954e+00,5.517917e+01
1.061503e+00,6.339293e+24,8.531679e+00,5.656897e+01
1.061503e+00,6.339293e+24,1.000000e+01,5.823380e+01
1.144501e+00,6.834959e+24,1.000000e-01,5.487645e+01
1.144501e+00,6.834959e+24,1.172102e-01,5.489520e+01
1.144501e+00,6.834959e+24,1.373824e-01,5.491717e+01
1.144501e+00,6.834959e+24,1.610262e-01,5.494292e+01
1.144501e+00,6.834959e+24,1.887392e-01,5.497310e+01
1.144501e+00,6.834959e+24,2.212216e-01,5.500846e+01
1.144501e+00,6.834959e+24,2.592944e-01,5.504991e+01
1.144501e+00,6.834959e+24,3.039195e-01,5.509849e+01
1.144501e+00,6.834959e+24,3.562248e-01,5.515542e+01
1.144501e+00,6.834959e+24,4.175319e-01,5.522213e+01
1.144501e+00,6.834959e+24,4.893901e-01,5.530030e+01
1.144501e+00,6.834959e+24,5.736153e-01,5.539191e+01
1.144501e+00,6.834959e+24,6.723358e-01,5.549923e+01
1.144501e+00,6.834959e+24,7.880463e-01,5.562498e+01
1.144501e+00,6.834959e+24,9.236709e-01,5.577229e+01
1.144501e+00,6.834959e+24,1.000000e+00,5.585516e+01
1.144501e+00,6.834959e+24,1.082637e+00,5.594484e+01
1.144501e+00,6.834959e+24,1.268961e+00,5.614693e+01
1.144501e+00,6.834959e+24,1.487352e+00,5.638357e+01
1.144501e+00,6.834959e+24,1.743329e+00,5.666059e+01
1.144501e+00,6.834959e+24,2.043360e+00,5.698479e+01
1.144501e+00,6.834959e+24,2.395027e+00,5.736404e+01
1.144501e+00,6.834959e+24,2.807216e+00,5.780745e+01
1.144501e+00,6.834959e+24,3.290345e+00,5.832549e+01
1.144501e+00,6.834959e+24,3.856620e+00,5.893016e+01
1.144501e+00,6.834959e+24,4.520354e+00,5.963502e+01
1.144501e+00,6.834959e+24,5.298317e+00,6.045523e+01
1.144501e+00,6.834959e+24,6.210169e+00,6.182874e+01
1.144501e+00,6.834959e+24,7.278954e+00,6.310845e+01
1.144501e+00,6.834959e+24,8.531679e+00,6.463508e+01
1.144501e+00,6.834959e+24,1.000000e+01,6.646302e+01
1.233989e+00,7.369381e+24,1.000000e-01,6.367912e+01
1.233989e+00,7.369381e+24,1.172102e-01,6.369996e+01
1.233989e+00,7.369381e+24,1.373824e-01,6.372439e+01
1.233989e+00,7.369381e+24,1.610262e-01,6.375302e+01
1.233989e+00,7.369381e+24,1.887392e-01,6.378657e+01
1.233989e+00,7.369381e+24,2.212216e-01,6.382588e+01
1.233989e+00,7.369381e+24,2.592944e-01,6.387196e+01
1.233989e+00,7.369381e+24,3.039195e-01,6.392595e+01
1.233989e+00,7.369381e+24,3.562248e-01,6.398922e+01
1.233989e+00,7.369381e+24,4.175319e-01,6.406335e+01
1.233989e+00,7.369381e+24,4.893901e-01,6.415020e+01
1.233989e+00,7.369381e+24,5.736153e-01,6.425195e+01
1.233989e+00,7.369381e+24,6.723358e-01,6.437115e+01
1.233989e+00,7.369381e+24,7.880463e-01,6.451077e+01
1.233989e+00,7.369381e+24,9.236709e-01,6.467429e+01
1.233989e+00,7.369381e+24,1.000000e+00,6.476625e+01
1.233989e+00,7.369381e+24,1.082637e+00,6.486576e+01
1.233989e+00,7.369381e+24,1.268961e+00,6.508991e+01
1.233989e+00,7.369381e+24,1.487352e+00,6.535226e+01
1.233989e+00,7.369381e+24,1.743329e+00,6.565922e+01
1.233989e+00,7.369381e+24,2.043360e+00,6.601820e+01
1.233989e+00,7.369381e+24,2.395027e+00,6.643781e+01
1.233989e+00,7.369381e+24,2.807216e+00,6.692795e+01
1.233989e+00,7.369381e+24,3.290345e+00,6.749994e+01
1.233989e+00,7.369381e+24,3.856620e+00,6.816668e+01
1.233989e+00,7.369381e+24,4.520354e+00,6.894263e+01
1.233989e+00,7.369381e+24,5.298317e+00,7.020603e+01
1.233989e+00,7.369381e+24,6.210169e+00,7.139953e+01
1.233989e+00,7.369381e+24,7.278954e+00,7.281861e+01
1.233989e+00,7.369381e+24,8.531679e+00,7.451088e+01
1.233989e+00,7.369381e+24,1.000000e+01,7.655621e+01
1.330474e+00,7.945590e+24,1.000000e-01,7.461072e+01
1.330474e+00,7.945590e+24,1.172102e-01,7.463413e+01
1.330474e+00,7.945590e+24,1.373824e-01,7.466156e+01
1.330474e+00,7.945590e+24,1.610262e-01,7.469371e+01
1.330474e+00,7.945590e+24,1.887392e-01,7.473138e+01
1.330474e+00,7.945590e+24,2.212216e-01,7.477553e+01
1.330474e+00,7.945590e+24,2.592944e-01,7.482725e+01
1.330474e+00,7.945590e+24,3.039195e-01,7.488786e+01
1.330474e+00,7.945590e+24,3.562248e-01,7.495888e+01
1.330474e+00,7.945590e+24,4.175319e-01,7.504207e+01
1.330474e+00,7.945590e+24,4.893901e-01,7.513953e+01
1.330474e+00,7.945590e+24,5.736153e-01,7.525369e+01
1.330474e+00,7.945590e+24,6.723358e-01,7.538740e+01
1.330474e+00,7.945590e+24,7.880463e-01,7.554396e+01
1.330474e+00,7.945590e+24,9.236709e-01,7.572727e+01
1.330474e+00,7.945590e+24,1.000000e+00,7.583034e+01
1.330474e+00,7.945590e+24,1.082637e+00,7.594184e+01
1.330474e+00,7.945590e+24,1.268961e+00,7.619293e+01
1.330474e+00,7.945590e+24,1.487352e+00,7.648665e+01
1.330474e+00,7.945590e+24,1.743329e+00,7.683011e+01
1.330474e+00,7.945590e+24,2.043360e+00,7.723150e+01
1.330474e+00,7.945590e+24,2.395027e+00,7.770029e+01
1.330474e+00,7.945590e+24,2.807216e+00,7.824731e+01
1.330474e+00,7.945590e+24,3.290345e+00,7.888493e+01
1.330474e+00,7.945590e+24,3.856620e+00,7.962709e+01
1.330474e+00,7.945590e+24,4.520354e+00,8.080589e+01
1.330474e+00,7.945590e+24,5.298317e+00,8.193383e+01
1.330474e+00,7.945590e+24,6.210169e+00,8.328031e+01
1.330474e+00,7.945590e+24,7.278954e+00,8.487180e+01
1.330474e+00,7.945590e+24,8.531679e+00,8.676807e+01
1.330474e+00,7.945590e+24,1.000000e+01,8.903487e+01
1.434503e+00,8.566851e+24,1.000000e-01,8.838287e+01
1.434503e+00,8.566851e+24,1.172102e-01,8.840946e+01
1.434503e+00,8.566851e+24,1.373824e-01,8.844062e+01
1.434503e+00,8.566851e+24,1.610262e-01,8.847714e+01
1.434503e+00,8.566851e+24,1.887392e-01,8.851993e+01
1.434503e+00,8.566851e+24,2.212216e-01,8.857006e+01
1.434503e+00,8.566851e+24,2.592944e-01,8.862881e+01
1.434503e+00,8.566851e+24,3.039195e-01,8.869763e+01
1.434503e+00,8.566851e+24,3.562248e-01,8.877826e+01
1.434503e+00,8.566851e+24,4.175319e-01,8.887270e+01
1.434503e+00,8.566851e+24,4.893901e-01,8.898332e+01
1.434503e+00,8.566851e+24,5.736153e-01,8.911287e+01
1.434503e+00,8.566851e+24,6.723358e-01,8.926455e+01
1.434503e+00,8.566851e+24,7.880463e-01,8.944213e+01
1.434503e+00,8.566851e+24,9.236709e-01,8.964997e+01
1.434503e+00,8.566851e+24,1.000000e+00,8.976680e+01
1.434503e+00,8.566851e+24,1.082637e+00,8.989316e+01
1.434503e+00,8.566851e+24,1.268961e+00,9.017762e+01
1.434503e+00,8.566851e+24,1.487352e+00,9.051019e+01
1.434503e+00,8.566851e+24,1.743329e+00,9.089883e+01
1.434503e+00,8.566851e+24,2.043360e+00,9.135267e+01
1.434503e+00,8.566851e+24,2.395027e+00,9.188224e+01
1.434503e+00,8.566851e+24,2.807216e+00,9.264618e+01
1.434503e+00,8.566851e+24,3.290345e+00,9.342228e+01
1.434503e+00,8.566851e+24,3.856620e+00,9.433805e+01
1.434503e+00,8.566851e+24,4.520354e+00,9.541996e+01
1.434503e+00,8.566851e+24,5.298317e+00,9.670002e+01
1.434503e+00,8.566851e+24,6.210169e+00,9.821721e+01
1.434503e+00,8.566851e+24,7.278954e+00,1.000193e+02
1.434503e+00,8.566851e+24,8.531679e+00,9.908149e+01
1.434503e+00,8.566851e+24,1.000000e+01,1.006039e+02
1.546666e+00,9.236689e+24,1.000000e-01,1.020397e+02
1.546666e+00,9.236689e+24,1.172102e-01,1.020624e+02
1.546666e+00,9.236689e+24,1.373824e-01,1.020889e+02
1.546666e+00,9.236689e+24,1.610262e-01,1.021201e+02
1.546666e+00,9.236689e+24,1.887392e-01,1.021565e+02
1.546666e+00,9.236689e+24,2.212216e-01,1.021993e+02
1.546666e+00,9.236689e+24,2.592944e-01,1.022493e+02
1.546666e+00,9.236689e+24,3.039195e-01,1.023080e+02
1.546666e+00,9.236689e+24,3.562248e-01,1.023767e+02
1.546666e+00,9.236689e+24,4.175319e-01,1.024572e+02
1.546666e+00,9.236689e+24,4.893901e-01,1.025515e+02
1.546666e+00,9.236689e+24,5.736153e-01,1.026619e+02
1.546666e+00,9.236689e+24,6.723358e-01,1.027911e+02
1.546666e+00,9.236689e+24,7.880463e-01,1.029425e+02
1.546666e+00,9.236689e+24,9.236709e-01,1.031196e+02
1.546666e+00,9.236689e+24,1.000000e+00,1.032191e+02
1.546666e+00,9.236689e+24,1.082637e+00,1.033268e+02
1.546666e+00,9.236689e+24,1.268961e+00,1.035692e+02
1.546666e+00,9.236689e+24,1.487352e+00,1.038527e+02
1.546666e+00,9.236689e+24,1.743329e+00,1.041839e+02
1.546666e+00,9.236689e+24,2.043360e+00,1.045708e+02
1.546666e+00,9.236689e+24,2.395027e+00,1.050224e+02
1.546666e+00,9.236689e+24,2.807216e+00,1.055491e+02
1.546666e+00,9.236689e+24,3.290345e+00,1.061628e+02
1.546666e+00,9.236689e+24,3.856620e+00,1.068768e+02
1.546666e+00,9.236689e+24,4.520354e+00,1.077063e+02
1.546666e+00,9.236689e+24,5.298317e+00,1.090372e+02
1.546666e+00,9.236689e+24,6.210169e+00,1.102949e+02
1.546666e+00,9.236689e+24,7.278954e+00,1.117815e+02
1.546666e+00,9.236689e+24,8.531679e+00,1.135682e+02
1.546666e+00,9.236689e+24,1.000000e+01,1.156648e+02
1.667599e+00,9.958901e+24,1.000000e-01,1.189373e+02
1.667599e+00,9.958901e+24,1.172102e-01,1.189623e+02
1.667599e+00,9.958901e+24,1.373824e-01,1.189915e+02
1.667599e+00,9.958901e+24,1.610262e-01,1.190257e+02
1.667599e+00,9.958901e+24,1.887392e-01,1.190658e+02
1.667599e+00,9.958901e+24,2.212216e-01,1.191128e+02
1.667599e+00,9.958901e+24,2.592944e-01,1.191679e+02
1.667599e+00,9.958901e+24,3.039195e-01,1.192324e+02
1.667599e+00,9.958901e+24,3.562248e-01,1.193079e+02
1.667599e+00,9.958901e+24,4.175319e-01,1.193964e+02
1.667599e+00,9.958901e+24,4.893901e-01,1.195001e+02
1.667599e+00,9.958901e+24,5.736153e-01,1.196214e+02
1.667599e+00,9.958901e+24,6.723358e-01,1.197635e+02
1.667599e+00,9.958901e+24,7.880463e-01,1.199298e+02
1.667599e+00,9.958901e+24,9.236709e-01,1.201244e+02
1.667599e+00,9.958901e+24,1.000000e+00,1.202337e+02
1.667599e+00,9.958901e+24,1.082637e+00,1.203520e+02
1.667599e+00,9.958901e+24,1.268961e+00,1.206181e+02
1.667599e+00,9.958901e+24,1.487352e+00,1.209292e+02
1.667599e+00,9.958901e+24,1.743329e+00,1.212927e+02
1.667599e+00,9.958901e+24,2.043360e+00,1.217170e+02
1.667599e+00,9.958901e+24,2.395027e+00,1.222121e+02
1.667599e+00,9.958901e+24,2.807216e+00,1.227891e+02
1.667599e+00,9.958901e+24,3.290345e+00,1.234608e+02
1.667599e+00,9.958901e+24,3.856620e+00,1.242417e+02
1.667599e+00,9.958901e+24,4.520354e+00,1.254648e+02
1.667599e+00,9.958901e+24,5.298317e+00,1.266374e+02
1.667599e+00,9.958901e+24,6.210169e+00,1.280214e+02
1.667599e+00,9.958901e+24,7.278954e+00,1.296570e+02
1.667599e+00,9.958901e+24,8.531679e+00,1.315931e+02
1.667599e+00,9.958901e+24,1.000000e+01,1.338893e+02
1.797988e+00,1.073758e+25,1.000000e-01,1.396763e+02
1.797988e+00,1.073758e+25,1.172102e-01,1.397040e+02
1.797988e+00,1.073758e+25,1.373824e-01,1.397363e+02
1.797988e+00,1.073758e+25,1.610262e-01,1.397742e+02
1.797988e+00,1.073758e+25,1.887392e-01,1.398186e+02
1.797988e+00,1.073758e+25,2.212216e-01,1.398707e+02
1.797988e+00,1.073758e+25,2.592944e-01,1.399316e+02
1.797988e+00,1.073758e+25,3.039195e-01,1.400030e+02
1.797988e+00,1.073758e+25,3.562248e-01,1.400866e+02
1.797988e+00,1.073758e+25,4.175319e-01,1.401846e+02
1.797988e+00,1.073758e+25,4.893901e-01,1.402993e+02
1.797988e+00,1.073758e+25,5.736153e-01,1.404392e+02
1.797988e+00,1.073758e+25,6.723358e-01,1.405985e+02
1.797988e+00,1.073758e+25,7.880463e-01,1.407854e+02
1.797988e+00,1.073758e+25,9.236709e-01,1.410046e+02
1.797988e+00,1.073758e+25,1.000000e+00,1.411280e+02
1.797988e+00,1.073758e+25,1.082637e+00,1.412618e+02
1.797988e+00,1.073758e+25,1.268961e+00,1.415636e+02
1.797988e+00,1.073758e+25,1.487352e+00,1.419179e+02
1.797988e+00,1.073758e+25,1.743329e+00,1.423339e+02
1.797988e+00,1.073758e+25,2.043360e+00,1.428225e+02
1.797988e+00,1.073758e+25,2.395027e+00,1.387071e+02
1.797988e+00,1.073758e+25,2.807216e+00,1.392212e+02
1.797988e+00,1.073758e+25,3.290345e+00,1.398199e+02
1.797988e+00,1.073758e+25,3.856620e+00,1.405163e+02
1.797988e+00,1.073758e+25,4.520354e+00,1.413249e+02
1.797988e+00,1.073758e+25,5.298317e+00,1.426032e+02
1.797988e+00,1.073758e+25,6.210169e+00,1.438187e+02
1.797988e+00,1.073758e+25,7.278954e+00,1.452515e+02
1.797988e+00,1.073758e+25,8.531679e+00,1.469427e+02
1.797988e+00,1.073758e+25,1.000000e+01,1.489416e+02
1.938572e+00,1.157715e+25,1.000000e-01,1.579095e+02
1.938572e+00,1.157715e+25,1.172102e-01,1.579337e+02
1.938572e+00,1.157715e+25,1.373824e-01,1.579621e+02
1.938572e+00,1.157715e+25,1.610262e-01,1.579953e+02
1.938572e+00,1.157715e+25,1.887392e-01,1.580343e+02
1.938572e+00,1.157715e+25,2.212216e-01,1.580799e+02
1.938572e+00,1.157715e+25,2.592944e-01,1.581334e+02
1.938572e+00,1.157715e+25,3.039195e-01,1.581960e+02
1.938572e+00,1.157715e+25,3.562248e-01,1.582694e+02
1.938572e+00,1.157715e+25,4.175319e-01,1.583553e+02
1.938572e+00,1.157715e+25,4.893901e-01,1.584559e+02
1.938572e+00,1.157715e+25,5.736153e-01,1.585737e+02
1.938572e+00,1.157715e+25,6.723358e-01,1.587115e+02
1.938572e+00,1.157715e+25,7.880463e-01,1.588729e+02
1.938572e+00,1.157715e+25,9.236709e-01,1.590617e+02
1.938572e+00,1.157715e+25,1.000000e+00,1.591678e+02
1.938572e+00,1.157715e+25,1.082637e+00,1.592825e+02
1.938572e+00,1.157715e+25,1.268961e+00,1.595407e+02
1.938572e+00,1.157715e+25,1.487352e+00,1.598423e+02
1.938572e+00,1.157715e+25,1.743329e+00,1.601947e+02
1.938572e+00,1.157715e+25,2.043360e+00,1.606060e+02
1.938572e+00,1.157715e+25,2.395027e+00,1.610857e+02
1.938572e+00,1.157715e+25,2.807216e+00,1.616447e+02
1.938572e+00,1.157715e+25,3.290345e+00,1.622954e+02
1.938572e+00,1.157715e+25,3.856620e+00,1.630516e+02
1.938572e+00,1.157715e+25,4.520354e+00,1.639292e+02
1.938572e+00,1.157715e+25,5.298317e+00,1.653324e+02
1.938572e+00,1.157715e+25,6.210169e+00,1.666553e+02
1.938572e+00,1.157715e+25,7.278954e+00,1.682143e+02
1.938572e+00,1.157715e+25,8.531679e+00,1.700536e+02
1.938572e+00,1.157715e+25,1.000000e+01,1.722264e+02
2.090148e+00,1.248236e+25,1.000000e-01,1.847236e+02
2.090148e+00,1.248236e+25,1.172102e-01,1.847501e+02
2.090148e+00,1.248236e+25,1.373824e-01,1.847812e+02
2.090148e+00,1.248236e+25,1.610262e-01,1.848176e+02
2.090148e+00,1.248236e+25,1.887392e-01,1.848603e+02
2.090148e+00,1.248236e+25,2.212216e-01,1.849103e+02
2.090148e+00,1.248236e+25,2.592944e-01,1.849688e+02
2.090148e+00,1.248236e+25,3.039195e-01,1.850374e+02
2.090148e+00,1.248236e+25,3.562248e-01,1.851177e+02
2.090148e+00,1.248236e+25,4.175319e-01,1.852118e+02
2.090148e+00,1.248236e+25,4.893901e-01,1.853220e+02
2.090148e+00,1.248236e+25,5.736153e-01,1.854510e+02
2.090148e+00,1.248236e+25,6.723358e-01,1.856019e+02
2.090148e+00,1.248236e+25,7.880463e-01,1.857786e+02
2.090148e+00,1.248236e+25,9.236709e-01,1.859852e+02
2.090148e+00,1.248236e+25,1.000000e+00,1.861013e+02
2.090148e+00,1.248236e+25,1.082637e+00,1.862268e+02
2.090148e+00,1.248236e+25,1.268961e+00,1.865093e+02
2.090148e+00,1.248236e+25,1.487352e+00,1.868393e+02
2.090148e+00,1.248236e+25,1.743329e+00,1.872246e+02
2.090148e+00,1.248236e+25,2.043360e+00,1.876743e+02
2.090148e+00,1.248236e+25,2.395027e+00,1.881985e+02
2.090148e+00,1.248236e+25,2.807216e+00,1.888091e+02
2.090148e+00,1.248236e+25,3.290345e+00,1.895194e+02
2.090148e+00,1.248236e+25,3.856620e+00,1.903445e+02
2.090148e+00,1.248236e+25,4.520354e+00,1.913013e+02
2.090148e+00,1.248236e+25,5.298317e+00,1.928490e+02
2.090148e+00,1.248236e+25,6.210169e+00,1.942956e+02
2.090148e+00,1.248236e+25,7.278954e+00,1.959999e+02
2.090148e+00,1.248236e+25,8.531679e+00,1.980097e+02
2.090148e+00,1.248236e+25,1.000000e+01,2.004054e+02
2.253575e+00,1.345835e+25,1.000000e-01,2.174570e+02
2.253575e+00,1.345835e+25,1.172102e-01,2.174862e+02
2.253575e+00,1.345835e+25,1.373824e-01,2.175204e+02
2.253575e+00,1.345835e+25,1.610262e-01,2.175605e+02
2.253575e+00,1.345835e+25,1.887392e-01,2.176075e+02
2.253575e+00,1.345835e+25,2.212216e-01,2.176625e+02
2.253575e+00,1.345835e+25,2.592944e-01,2.177270e+02
2.253575e+00,1.345835e+25,3.039195e-01,2.178025e+02
2.253575e+00,1.345835e+25,3.562248e-01,2.178909e+02
2.253575e+00,1.345835e+25,4.175319e-01,2.179945e+02
2.253575e+00,1.345835e+25,4.893901e-01,2.181157e+02
2.253575e+00,1.345835e+25,5.736153e-01,2.182576e+02
2.253575e+00,1.345835e+25,6.723358e-01,2.184237e+02
2.253575e+00,1.345835e+25,7.880463e-01,2.186180e+02
2.253575e+00,1.345835e+25,9.236709e-01,2.188453e+02
2.253575e+00,1.345835e+25,1.000000e+00,2.189730e+02
2.253575e+00,1.345835e+25,1.082637e+00,2.191110e+02
2.253575e+00,1.345835e+25,1.268961e+00,2.194216e+02
2.253575e+00,1.345835e+25,1.487352e+00,2.197844e+02
2.253575e+00,1.345835e+25,1.743329e+00,2.202079e+02
2.253575e+00,1.345835e+25,2.043360e+00,2.207019e+02
2.253575e+00,1.345835e+25,2.395027e+00,2.212776e+02
2.253575e+00,1.345835e+25,2.807216e+00,2.219478e+02
2.253575e+00,1.345835e+25,3.290345e+00,2.227271e+02
2.253575e+00,1.345835e+25,3.856620e+00,2.236318e+02
2.253575e+00,1.345835e+25,4.520354e+00,2.246801e+02
2.253575e+00,1.345835e+25,5.298317e+00,2.264027e+02
2.253575e+00,1.345835e+25,6.210169e+00,2.279950e+02
2.253575e+00,1.345835e+25,7.278954e+00,2.298705e+02
2.253575e+00,1.345835e+25,8.531679e+00,2.320820e+02
2.253575e+00,1.345835e+25,1.000000e+01,2.346927e+02
2.429781e+00,1.451065e+25,1.000000e-01,2.577161e+02
2.429781e+00,1.451065e+25,1.172102e-01,2.577484e+02
2.429781e+00,1.451065e+25,1.373824e-01,2.577863e+02
2.429781e+00,1.451065e+25,1.610262e-01,2.578306e+02
2.429781e+00,1.451065e+25,1.887392e-01,2.578826e+02
2.429781e+00,1.451065e+25,2.212216e-01,2.579435e+02
2.429781e+00,1.451065e+25,2.592944e-01,2.580148e+02
2.429781e+00,1.451065e+25,3.039195e-01,2.580984e+02
2.429781e+00,1.451065e+25,3.562248e-01,2.581962e+02
2.429781e+00,1.451065e+25,4.175319e-01,2.583108e+02
2.429781e+00,1.451065e+25,4.893901e-01,2.584449e+02
2.429781e+00,1.451065e+25,5.736153e-01,2.586019e+02
2.429781e+00,1.451065e+25,6.723358e-01,2.587856e+02
2.429781e+00,1.451065e+25,7.880463e-01,2.590005e+02
2.429781e+00,1.451065e+25,9.236709e-01,2.592518e+02
2.429781e+00,1.451065e+25,1.000000e+00,2.593930e+02
2.429781e+00,1.451065e+25,1.082637e+00,2.595695e+02
2.429781e+00,1.451065e+25,1.268961e+00,2.599218e+02
2.429781e+00,1.451065e+25,1.487352e+00,2.603350e+02
2.429781e+00,1.451065e+25,1.743329e+00,2.608198e+02
2.429781e+00,1.451065e+25,2.043360e+00,2.613887e+02
2.429781e+00,1.451065e+25,2.395027e+00,2.620565e+02
2.429781e+00,1.451065e+25,2.807216e+00,2.628405e+02
2.429781e+00,1.451065e+25,3.290345e+00,2.637612e+02
2.429781e+00,1.451065e+25,3.856620e+00,2.648429e+02
2.429781e+00,1.451065e+25,4.520354e+00,2.661142e+02
2.429781e+00,1.451065e+25,5.298317e+00,2.676092e+02
2.429781e+00,1.451065e+25,6.210169e+00,2.693683e+02
2.429781e+00,1.451065e+25,7.278954e+00,2.623132e+02
2.429781e+00,1.451065e+25,8.531679e+00,2.644013e+02
2.429781e+00,1.451065e+25,1.000000e+01,2.668368e+02
2.619764e+00,1.564523e+25,1.000000e-01,2.959330e+02
2.619764e+00,1.564523e+25,1.172102e-01,2.959633e+02
2.619764e+00,1.564523e+25,1.373824e-01,2.959988e+02
2.619764e+00,1.564523e+25,1.610262e-01,2.960404e+02
2.619764e+00,1.564523e+25,1.887392e-01,2.960891e+02
2.619764e+00,1.564523e+25,2.212216e-01,2.961461e+02
2.619764e+00,1.564523e+25,2.592944e-01,2.962130e+02
2.619764e+00,1.564523e+25,3.039195e-01,2.962913e+02
2.619764e+00,1.564523e+25,3.562248e-01,2.963829e+02
2.619764e+00,1.564523e+25,4.175319e-01,2.964903e+02
2.619764e+00,1.564523e+25,4.893901e-01,2.966160e+02
2.619764e+00,1.564523e+25,5.736153e-01,2.967631e+02
2.619764e+00,1.564523e+25,6.723358e-01,2.969353e+02
2.619764e+00,1.564523e+25,7.880463e-01,2.971367e+02
2.619764e+00,1.564523e+25,9.236709e-01,2.973723e+02
2.619764e+00,1.564523e+25,1.000000e+00,2.975047e+02
2.619764e+00,1.564523e+25,1.082637e+00,2.976477e+02
2.619764e+00,1.564523e+25,1.268961e+00,2.979696e+02
2.619764e+00,1.564523e+25,1.487352e+00,2.983455e+02
2.619764e+00,1.564523e+25,1.743329e+00,2.987842e+02
2.619764e+00,1.564523e+25,2.043360e+00,2.992960e+02
2.619764e+00,1.564523e+25,2.395027e+00,2.998922e+02
2.619764e+00,1.564523e+25,2.807216e+00,3.005863e+02
2.619764e+00,1.564523e+25,3.290345e+00,3.013932e+02
2.619764e+00,1.564523e+25,3.856620e+00,3.023298e+02
2.619764e+00,1.564523e+25,4.520354e+00,3.034150e+02
2.619764e+00,1.564523e+25,5.298317e+00,3.051758e+02
2.619764e+00,1.564523e+25,6.210169e+00,3.068139e+02
2.619764e+00,1.564523e+25,7.278954e+00,3.087406e+02
2.619764e+00,1.564523e+25,8.531679e+00,3.110086e+02
2.619764e+00,1.564523e+25,1.000000e+01,3.136806e+02
2.824603e+00,1.686853e+25,1.000000e-01,3.514917e+02
2.824603e+00,1.686853e+25,1.172102e-01,3.515252e+02
2.824603e+00,1.686853e+25,1.373824e-01,3.515644e+02
2.824603e+00,1.686853e+25,1.610262e-01,3.516103e+02
2.824603e+00,1.686853e+25,1.887392e-01,3.516641e+02
2.824603e+00,1.686853e+25,2.212216e-01,3.517271e+02
2.824603e+00,1.686853e+25,2.592944e-01,3.518010e+02
2.824603e+00,1.686853e+25,3.039195e-01,3.518874e+02
2.824603e+00,1.686853e+25,3.562248e-01,3.519887e+02
2.824603e+00,1.686853e+25,4.175319e-01,3.521072e+02
2.824603e+00,1.686853e+25,4.893901e-01,3.522460e+02
2.824603e+00,1.686853e+25,5.736153e-01,3.524085e+02
2.824603e+00,1.686853e+25,6.723358e-01,3.525986e+02
2.824603e+00,1.686853e+25,7.880463e-01,3.528210e+02
2.824603e+00,1.686853e+25,9.236709e-01,3.530810e+02
2.824603e+00,1.686853e+25,1.000000e+00,3.532271e+02
2.824603e+00,1.686853e+25,1.082637e+00,3.533850e+02
2.824603e+00,1.686853e+25,1.268961e+00,3.537402e+02
2.824603e+00,1.686853e+25,1.487352e+00,3.541549e+02
2.824603e+00,1.686853e+25,1.743329e+00,3.546389e+02
2.824603e+00,1.686853e+25,2.043360e+00,3.552032e+02
2.824603e+00,1.686853e+25,2.395027e+00,3.558606e+02
2.824603e+00,1.686853e+25,2.807216e+00,3.566256e+02
2.824603e+00,1.686853e+25,3.290345e+00,3.575145e+02
2.824603e+00,1.686853e+25,3.856620e+00,3.585458e+02
2.824603e+00,1.686853e+25,4.520354e+00,3.597401e+02
2.824603e+00,1.686853e+25,5.298317e+00,3.616958e+02
2.824603e+00,1.686853e+25,6.210169e+00,3.635029e+02
2.824603e+00,1.686853e+25,7.278954e+00,3.656279e+02
2.824603e+00,1.686853e+25,8.531679e+00,3.681286e+02
2.824603e+00,1.686853e+25,1.000000e+01,3.710895e+02
3.045457e+00,1.818747e+25,1.000000e-01,4.201711e+02
3.045457e+00,1.818747e+25,1.172102e-01,4.202083e+02
3.045457e+00,1.818747e+25,1.373824e-01,4.202518e+02
3.045457e+00,1.818747e+25,1.610262e-01,4.203027e+02
3.045457e+00,1.818747e+25,1.887392e-01,4.203624e+02
3.045457e+00,1.818747e+25,2.212216e-01,4.204324e+02
3.045457e+00,1.818747e+25,2.592944e-01,4.205143e+02
3.045457e+00,1.818747e+25,3.039195e-01,4.206102e+02
3.045457e+00,1.818747e+25,3.562248e-01,4.207226e+02
3.045457e+00,1.818747e+25,4.175319e-01,4.208542e+02
3.045457e+00,1.818747e+25,4.893901e-01,4.210082e+02
3.045457e+00,1.818747e+25,5.736153e-01,4.211884e+02
3.045457e+00,1.818747e+25,6.723358e-01,4.213993e+02
3.045457e+00,1.818747e+25,7.880463e-01,4.216460e+02
3.045457e+00,1.818747e+25,9.236709e-01,4.219344e+02
3.045457e+00,1.818747e+25,1.000000e+00,4.220964e+02
3.045457e+00,1.818747e+25,1.082637e+00,4.222715e+02
3.045457e+00,1.818747e+25,1.268961e+00,4.226653e+02
3.045457e+00,1.818747e+25,1.487352e+00,4.231251e+02
3.045457e+00,1.818747e+25,1.743329e+00,4.236615e+02
3.045457e+00,1.818747e+25,2.043360e+00,4.242868e+02
3.045457e+00,1.818747e+25,2.395027e+00,4.250151e+02
3.045457e+00,1.818747e+25,2.807216e+00,4.258622e+02
3.045457e+00,1.818747e+25,3.290345e+00,4.268461e+02
3.045457e+00,1.818747e+25,3.856620e+00,4.279872e+02
3.045457e+00,1.818747e+25,4.520354e+00,4.297895e+02
3.045457e+00,1.818747e+25,5.298317e+00,4.314954e+02
3.045457e+00,1.818747e+25,6.210169e+00,4.335003e+02
3.045457e+00,1.818747e+25,7.278954e+00,4.358576e+02
3.045457e+00,1.818747e+25,8.531679e+00,4.386311e+02
3.045457e+00,1.818747e+25,1.000000e+01,4.418969e+02
3.283580e+00,1.960954e+25,1.000000e-01,5.056903e+02
3.283580e+00,1.960954e+25,1.172102e-01,5.057317e+02
3.283580e+00,1.960954e+25,1.373824e-01,5.057803e+02
3.283580e+00,1.960954e+25,1.610262e-01,5.058371e+02
3.283580e+00,1.960954e+25,1.887392e-01,5.059037e+02
3.283580e+00,1.960954e+25,2.212216e-01,5.059817e+02
3.283580e+00,1.960954e+25,2.592944e-01,5.060749e+02
3.283580e+00,1.960954e+25,3.039195e-01,5.061826e+02
3.283580e+00,1.960954e+25,3.562248e-01,5.063088e+02
3.283580e+00,1.960954e+25,4.175319e-01,5.064568e+02
3.283580e+00,1.960954e+25,4.893901e-01,5.066303e+02
3.283580e+00,1.960954e+25,5.736153e-01,5.068337e+02
3.283580e+00,1.960954e+25,6.723358e-01,5.070721e+02
3.283580e+00,1.960954e+25,7.880463e-01,5.073517e+02
3.283580e+00,1.960954e+25,9.236709e-01,5.076794e+02
3.283580e+00,1.960954e+25,1.000000e+00,5.078639e+02
3.283580e+00,1.960954e+25,1.082637e+00,5.080638e+02
3.283580e+00,1.960954e+25,1.268961e+00,5.085144e+02
3.283580e+00,1.960954e+25,1.487352e+00,5.090429e+02
3.283580e+00,1.960954e+25,1.743329e+00,5.096628e+02
3.283580e+00,1.960954e+25,2.043360e+00,5.103898e+02
3.283580e+00,1.960954e+25,2.395027e+00,4.958986e+02
3.283580e+00,1.960954e+25,2.807216e+00,4.962888e+02
3.283580e+00,1.960954e+25,3.290345e+00,4.972515e+02
3.283580e+00,1.960954e+25,3.856620e+00,4.983681e+02
3.283580e+00,1.960954e+25,4.520354e+00,4.996609e+02
3.283580e+00,1.960954e+25,5.298317e+00,5.017721e+02
3.283580e+00,1.960954e+25,6.210169e+00,5.037240e+02
3.283580e+00,1.960954e+25,7.278954e+00,5.060176e+02
3.283580e+00,1.960954e+25,8.531679e+00,5.087142e+02
3.283580e+00,1.960954e+25,1.000000e+01,5.118864e+02
3.540321e+00,2.114280e+25,1.000000e-01,5.898858e+02
3.540321e+00,2.114280e+25,1.172102e-01,5.899261e+02
3.540321e+00,2.114280e+25,1.373824e-01,5.899734e+02
3.540321e+00,2.114280e+25,1.610262e-01,5.900288e+02
3.540321e+00,2.114280e+25,1.887392e-01,5.900937e+02
3.540321e+00,2.114280e+25,2.212216e-01,5.901697e+02
3.540321e+00,2.114280e+25,2.592944e-01,5.902587e+02
3.540321e+00,2.114280e+25,3.039195e-01,5.903630e+02
3.540321e+00,2.114280e+25,3.562248e-01,5.904851e+02
3.540321e+00,2.114280e+25,4.175319e-01,5.906281e+02
3.540321e+00,2.114280e+25,4.893901e-01,5.907954e+02
3.540321e+00,2.114280e+25,5.736153e-01,5.909913e+02
3.540321e+00,2.114280e+25,6.723358e-01,5.912204e+02
3.540321e+00,2.114280e+25,7.880463e-01,5.914884e+02
3.540321e+00,2.114280e+25,9.236709e-01,5.918018e+02
3.540321e+00,2.114280e+25,1.000000e+00,5.919778e+02
3.540321e+00,2.114280e+25,1.082637e+00,5.921680e+02
3.540321e+00,2.114280e+25,1.268961e+00,5.925959e+02
3.540321e+00,2.114280e+25,1.487352e+00,5.930953e+02
3.540321e+00,2.114280e+25,1.743329e+00,5.936779e+02
3.540321e+00,2.114280e+25,2.043360e+00,5.943571e+02
3.540321e+00,2.114280e+25,2.395027e+00,5.951479e+02
3.540321e+00,2.114280e+25,2.807216e+00,5.960677e+02
3.540321e+00,2.114280e+25,3.290345e+00,5.971360e+02
3.540321e+00,2.114280e+25,3.856620e+00,5.983747e+02
3.540321e+00,2.114280e+25,4.520354e+00,5.998081e+02
3.540321e+00,2.114280e+25,5.298317e+00,6.021672e+02
3.540321e+00,2.114280e+25,6.210169e+00,6.043360e+02
3.540321e+00,2.114280e+25,7.278954e+00,6.068840e+02
3.540321e+00,2.114280e+25,8.531679e+00,6.098789e+02
3.540321e+00,2.114280e+25,1.000000e+01,6.134011e+02
3.817137e+00,2.279594e+25,1.000000e-01,7.137197e+02
3.817137e+00,2.279594e+25,1.172102e-01,7.137648e+02
3.817137e+00,2.279594e+25,1.373824e-01,7.138176e+02
3.817137e+00,2.279594e+25,1.610262e-01,7.138795e+02
3.817137e+00,2.279594e+25,1.887392e-01,7.139520e+02
3.817137e+00,2.279594e+25,2.212216e-01,7.140370e+02
3.817137e+00,2.279594e+25,2.592944e-01,7.141364e+02
3.817137e+00,2.279594e+25,3.039195e-01,7.142529e+02
3.817137e+00,2.279594e+25,3.562248e-01,7.143894e+02
3.817137e+00,2.279594e+25,4.175319e-01,7.145491e+02
3.817137e+00,2.279594e+25,4.893901e-01,7.147360e+02
3.817137e+00,2.279594e+25,5.736153e-01,7.149548e+02
3.817137e+00,2.279594e+25,6.723358e-01,7.152107e+02
3.817137e+00,2.279594e+25,7.880463e-01,7.155101e+02
3.817137e+00,2.279594e+25,9.236709e-01,7.158601e+02
3.817137e+00,2.279594e+25,1.000000e+00,7.160566e+02
3.817137e+00,2.279594e+25,1.082637e+00,7.162690e+02
3.817137e+00,2.279594e+25,1.268961e+00,7.167467e+02
3.817137e+00,2.279594e+25,1.487352e+00,7.173042e+02
3.817137e+00,2.279594e+25,1.743329e+00,7.179546e+02
3.817137e+00,2.279594e+25,2.043360e+00,7.187124e+02
3.817137e+00,2.279594e+25,2.395027e+00,7.195947e+02
3.817137e+00,2.279594e+25,2.807216e+00,7.206206e+02
3.817137e+00,2.279594e+25,3.290345e+00,7.218117e+02
3.817137e+00,2.279594e+25,3.856620e+00,7.231923e+02
3.817137e+00,2.279594e+25,4.520354e+00,7.253758e+02
3.817137e+00,2.279594e+25,5.298317e+00,7.274378e+02
3.817137e+00,2.279594e+25,6.210169e+00,7.298590e+02
3.817137e+00,2.279594e+25,7.278954e+00,7.327097e+02
3.817137e+00,2.279594e+25,8.531679e+00,7.360541e+02
3.817137e+00,2.279594e+25,1.000000e+01,7.399866e+02
4.115597e+00,2.457835e+25,1.000000e-01,8.694823e+02
4.115597e+00,2.457835e+25,1.172102e-01,8.695330e+02
4.115597e+00,2.457835e+25,1.373824e-01,8.695923e+02
4.115597e+00,2.457835e+25,1.610262e-01,8.696618e+02
4.115597e+00,2.457835e+25,1.887392e-01,8.697432e+02
4.115597e+00,2.457835e+25,2.212216e-01,8.698385e+02
4.115597e+00,2.457835e+25,2.592944e-01,8.699502e+02
4.115597e+00,2.457835e+25,3.039195e-01,8.700810e+02
4.115597e+00,2.457835e+25,3.562248e-01,8.702342e+02
4.115597e+00,2.457835e+25,4.175319e-01,8.704135e+02
4.115597e+00,2.457835e+25,4.893901e-01,8.706234e+02
4.115597e+00,2.457835e+25,5.736153e-01,8.708690e+02
4.115597e+00,2.457835e+25,6.723358e-01,8.711563e+02
4.115597e+00,2.457835e+25,7.880463e-01,8.714923e+02
4.115597e+00,2.457835e+25,9.236709e-01,8.718850e+02
4.115597e+00,2.457835e+25,1.000000e+00,8.721056e+02
4.115597e+00,2.457835e+25,1.082637e+00,8.723440e+02
4.115597e+00,2.457835e+25,1.268961e+00,8.728799e+02
4.115597e+00,2.457835e+25,1.487352e+00,8.735054e+02
4.115597e+00,2.457835e+25,1.743329e+00,8.742349e+02
4.115597e+00,2.457835e+25,2.043360e+00,8.750848e+02
4.115597e+00,2.457835e+25,2.395027e+00,8.762642e+02
4.115597e+00,2.457835e+25,2.807216e+00,8.774852e+02
4.115597e+00,2.457835e+25,3.290345e+00,8.789175e+02
4.115597e+00,2.457835e+25,3.856620e+00,8.805980e+02
4.115597e+00,2.457835e+25,4.520354e+00,8.825701e+02
4.115597e+00,2.457835e+25,5.298317e+00,8.848849e+02
4.115597e+00,2.457835e+25,6.210169e+00,8.876026e+02
4.115597e+00,2.457835e+25,7.278954e+00,8.907946e+02
4.115597e+00,2.457835e+25,8.531679e+00,8.945451e+02
4.115597e+00,2.457835e+25,1.000000e+01,8.989542e+02
4.437394e+00,2.650011e+25,1.000000e-01,1.031437e+03
4.437394e+00,2.650011e+25,1.172102e-01,1.031488e+03
4.437394e+00,2.650011e+25,1.373824e-01,1.031548e+03
4.437394e+00,2.650011e+25,1.610262e-01,1.031618e+03
4.437394e+00,2.650011e+25,1.887392e-01,1.031699e+03
4.437394e+00,2.650011e+25,2.212216e-01,1.031795e+03
4.437394e+00,2.650011e+25,2.592944e-01,1.031907e+03
4.437394e+00,2.650011e+25,3.039195e-01,1.032039e+03
4.437394e+00,2.650011e+25,3.562248e-01,1.032193e+03
4.437394e+00,2.650011e+25,4.175319e-01,1.032373e+03
4.437394e+00,2.650011e+25,4.893901e-01,1.032583e+03
4.437394e+00,2.650011e+25,5.736153e-01,1.032830e+03
4.437394e+00,2.650011e+25,6.723358e-01,1.033119e+03
4.437394e+00,2.650011e+25,7.880463e-01,1.033456e+03
4.437394e+00,2.650011e+25,9.236709e-01,1.033851e+03
4.437394e+00,2.650011e+25,1.000000e+00,1.034072e+03
4.437394e+00,2.650011e+25,1.082637e+00,1.034312e+03
4.437394e+00,2.650011e+25,1.268961e+00,1.034850e+03
4.437394e+00,2.650011e+25,1.487352e+00,1.035479e+03
4.437394e+00,2.650011e+25,1.743329e+00,1.036212e+03
4.437394e+00,2.650011e+25,2.043360e+00,1.037066e+03
4.437394e+00,2.650011e+25,2.395027e+00,1.038060e+03
4.437394e+00,2.650011e+25,2.807216e+00,1.039216e+03
4.437394e+00,2.650011e+25,3.290345e+00,1.040558e+03
4.437394e+00,2.650011e+25,3.856620e+00,1.042113e+03
4.437394e+00,2.650011e+25,4.520354e+00,1.044570e+03
4.437394e+00,2.650011e+25,5.298317e+00,1.046890e+03
4.437394e+00,2.650011e+25,6.210169e+00,1.049614e+03
4.437394e+00,2.650011e+25,7.278954e+00,1.052811e+03
4.437394e+00,2.650011e+25,8.531679e+00,1.056567e+03
4.437394e+00,2.650011e+25,1.000000e+01,1.060979e+03
4.784351e+00,2.857215e+25,1.000000e-01,1.266077e+03
4.784351e+00,2.857215e+25,1.172102e-01,1.266135e+03
4.784351e+00,2.857215e+25,1.373824e-01,1.266202e+03
4.784351e+00,2.857215e+25,1.610262e-01,1.266280e+03
4.784351e+00,2.857215e+25,1.887392e-01,1.266373e+03
4.784351e+00,2.857215e+25,2.212216e-01,1.266481e+03
4.784351e+00,2.857215e+25,2.592944e-01,1.266607e+03
4.784351e+00,2.857215e+25,3.039195e-01,1.266755e+03
4.784351e+00,2.857215e+25,3.562248e-01,1.266929e+03
4.784351e+00,2.857215e+25,4.175319e-01,1.267132e+03
4.784351e+00,2.857215e+25,4.893901e-01,1.267369e+03
4.784351e+00,2.857215e+25,5.736153e-01,1.267647e+03
4.784351e+00,2.857215e+25,6.723358e-01,1.267973e+03
4.784351e+00,2.857215e+25,7.880463e-01,1.268353e+03
4.784351e+00,2.857215e+25,9.236709e-01,1.268797e+03
4.784351e+00,2.857215e+25,1.000000e+00,1.269047e+03
4.784351e+00,2.857215e+25,1.082637e+00,1.269317e+03
4.784351e+00,2.857215e+25,1.268961e+00,1.269924e+03
4.784351e+00,2.857215e+25,1.487352e+00,1.270632e+03
4.784351e+00,2.857215e+25,1.743329e+00,1.271457e+03
4.784351e+00,2.857215e+25,2.043360e+00,1.272419e+03
4.784351e+00,2.857215e+25,2.395027e+00,1.273539e+03
4.784351e+00,2.857215e+25,2.807216e+00,1.274840e+03
4.784351e+00,2.857215e+25,3.290345e+00,1.276350e+03
4.784351e+00,2.857215e+25,3.856620e+00,1.278099e+03
4.784351e+00,2.857215e+25,4.520354e+00,1.280880e+03
4.784351e+00,2.857215e+25,5.298317e+00,1.283495e+03
4.784351e+00,2.857215e+25,6.210169e+00,1.286563e+03
4.784351e+00,2.857215e+25,7.278954e+00,1.290165e+03
4.784351e+00,2.857215e+25,8.531679e+00,1.294402e+03
4.784351e+00,2.857215e+25,1.000000e+01,1.299373e+03
5.158437e+00,3.080619e+25,1.000000e-01,1.565201e+03
5.158437e+00,3.080619e+25,1.172102e-01,1.565266e+03
5.158437e+00,3.080619e+25,1.373824e-01,1.565342e+03
5.158437e+00,3.080619e+25,1.610262e-01,1.565431e+03
5.158437e+00,3.080619e+25,1.887392e-01,1.565536e+03
5.158437e+00,3.080619e+25,2.212216e-01,1.565658e+03
5.158437e+00,3.080619e+25,2.592944e-01,1.565801e+03
5.158437e+00,3.080619e+25,3.039195e-01,1.565969e+03
5.158437e+00,3.080619e+25,3.562248e-01,1.566166e+03
5.158437e+00,3.080619e+25,4.175319e-01,1.566396e+03
5.158437e+00,3.080619e+25,4.893901e-01,1.566665e+03
5.158437e+00,3.080619e+25,5.736153e-01,1.566980e+03
5.158437e+00,3.080619e+25,6.723358e-01,1.567348e+03
5.158437e+00,3.080619e+25,7.880463e-01,1.567779e+03
5.158437e+00,3.080619e+25,9.236709e-01,1.568282e+03
5.158437e+00,3.080619e+25,1.000000e+00,1.568565e+03
5.158437e+00,3.080619e+25,1.082637e+00,1.568871e+03
5.158437e+00,3.080619e+25,1.268961e+00,1.569558e+03
5.158437e+00,3.080619e+25,1.487352e+00,1.570359e+03
5.158437e+00,3.080619e+25,1.743329e+00,1.571294e+03
5.158437e+00,3.080619e+25,2.043360e+00,1.572383e+03
5.158437e+00,3.080619e+25,2.395027e+00,1.573650e+03
5.158437e+00,3.080619e+25,2.807216e+00,1.575122e+03
5.158437e+00,3.080619e+25,3.290345e+00,1.576830e+03
5.158437e+00,3.080619e+25,3.856620e+00,1.579448e+03
5.158437e+00,3.080619e+25,4.520354e+00,1.581973e+03
5.158437e+00,3.080619e+25,5.298317e+00,1.584935e+03
5.158437e+00,3.080619e+25,6.210169e+00,1.588410e+03
5.158437e+00,3.080619e+25,7.278954e+00,1.592490e+03
5.158437e+00,3.080619e+25,8.531679e+00,1.597280e+03
5.158437e+00,3.080619e+25,1.000000e+01,1.602907e+03
5.561773e+00,3.321491e+25,1.000000e-01,1.887281e+03
5.561773e+00,3.321491e+25,1.172102e-01,1.887348e+03
5.561773e+00,3.321491e+25,1.373824e-01,1.887427e+03
5.561773e+00,3.321491e+25,1.610262e-01,1.887518e+03
5.561773e+00,3.321491e+25,1.887392e-01,1.887626e+03
5.561773e+00,3.321491e+25,2.212216e-01,1.887751e+03
5.561773e+00,3.321491e+25,2.592944e-01,1.887899e+03
5.561773e+00,3.321491e+25,3.039195e-01,1.888071e+03
5.561773e+00,3.321491e+25,3.562248e-01,1.888273e+03
5.561773e+00,3.321491e+25,4.175319e-01,1.888510e+03
5.561773e+00,3.321491e+25,4.893901e-01,1.888787e+03
5.561773e+00,3.321491e+25,5.736153e-01,1.889111e+03
5.561773e+00,3.321491e+25,6.723358e-01,1.889490e+03
5.561773e+00,3.321491e+25,7.880463e-01,1.889933e+03
5.561773e+00,3.321491e+25,9.236709e-01,1.890451e+03
5.561773e+00,3.321491e+25,1.000000e+00,1.890742e+03
5.561773e+00,3.321491e+25,1.082637e+00,1.891056e+03
5.561773e+00,3.321491e+25,1.268961e+00,1.891762e+03
5.561773e+00,3.321491e+25,1.487352e+00,1.892587e+03
5.561773e+00,3.321491e+25,1.743329e+00,1.893549e+03
5.561773e+00,3.321491e+25,2.043360e+00,1.894669e+03
5.561773e+00,3.321491e+25,2.395027e+00,1.895972e+03
5.561773e+00,3.321491e+25,2.807216e+00,1.897487e+03
5.561773e+00,3.321491e+25,3.290345e+00,1.899245e+03
5.561773e+00,3.321491e+25,3.856620e+00,1.901282e+03
5.561773e+00,3.321491e+25,4.520354e+00,1.904519e+03
5.561773e+00,3.321491e+25,5.298317e+00,1.907561e+03
5.561773e+00,3.321491e+25,6.210169e+00,1.911130e+03
5.561773e+00,3.321491e+25,7.278954e+00,1.915318e+03
5.561773e+00,3.321491e+25,8.531679e+00,1.920235e+03
5.561773e+00,3.321491e+25,1.000000e+01,1.926007e+03
5.996645e+00,3.581197e+25,1.000000e-01,2.354872e+03
5.996645e+00,3.581197e+25,1.172102e-01,2.354948e+03
5.996645e+00,3.581197e+25,1.373824e-01,2.355037e+03
5.996645e+00,3.581197e+25,1.610262e-01,2.355141e+03
5.996645e+00,3.581197e+25,1.887392e-01,2.355264e+03
5.996645e+00,3.581197e+25,2.212216e-01,2.355407e+03
5.996645e+00,3.581197e+25,2.592944e-01,2.355575e+03
5.996645e+00,3.581197e+25,3.039195e-01,2.355772e+03
5.996645e+00,3.581197e+25,3.562248e-01,2.356002e+03
5.996645e+00,3.581197e+25,4.175319e-01,2.356271e+03
5.996645e+00,3.581197e+25,4.893901e-01,2.356587e+03
5.996645e+00,3.581197e+25,5.736153e-01,2.356956e+03
5.996645e+00,3.581197e+25,6.723358e-01,2.357387e+03
5.996645e+00,3.581197e+25,7.880463e-01,2.357892e+03
5.996645e+00,3.581197e+25,9.236709e-01,2.358482e+03
5.996645e+00,3.581197e+25,1.000000e+00,2.358813e+03
5.996645e+00,3.581197e+25,1.082637e+00,2.359171e+03
5.996645e+00,3.581197e+25,1.268961e+00,2.359976e+03
5.996645e+00,3.581197e+25,1.487352e+00,2.360915e+03
5.996645e+00,3.581197e+25,1.743329e+00,2.362009e+03
5.996645e+00,3.581197e+25,2.043360e+00,2.363284e+03
5.996645e+00,3.581197e+25,2.395027e+00,2.364768e+03
5.996645e+00,3.581197e+25,2.807216e+00,2.366492e+03
5.996645e+00,3.581197e+25,3.290345e+00,2.368492e+03
5.996645e+00,3.581197e+25,3.856620e+00,2.370808e+03
5.996645e+00,3.581197e+25,4.520354e+00,2.374509e+03
5.996645e+00,3.581197e+25,5.298317e+00,2.377973e+03
5.996645e+00,3.581197e+25,6.210169e+00,2.382038e+03
5.996645e+00,3.581197e+25,7.278954e+00,2.386807e+03
5.996645e+00,3.581197e+25,8.531679e+00,2.392411e+03
5.996645e+00,3.581197e+25,1.000000e+01,2.398984e+03
6.465520e+00,3.861209e+25,1.000000e-01,2.960526e+03
6.465520e+00,3.861209e+25,1.172102e-01,2.960613e+03
6.465520e+00,3.861209e+25,1.373824e-01,2.960715e+03
6.465520e+00,3.861209e+25,1.610262e-01,2.960835e+03
6.465520e+00,3.861209e+25,1.887392e-01,2.960975e+03
6.465520e+00,3.861209e+25,2.212216e-01,2.961139e+03
6.465520e+00,3.861209e+25,2.592944e-01,2.961331e+03
6.465520e+00,3.861209e+25,3.039195e-01,2.961557e+03
6.465520e+00,3.861209e+25,3.562248e-01,2.961820e+03
6.465520e+00,3.861209e+25,4.175319e-01,2.962129e+03
6.465520e+00,3.861209e+25,4.893901e-01,2.962490e+03
6.465520e+00,3.861209e+25,5.736153e-01,2.962912e+03
6.465520e+00,3.861209e+25,6.723358e-01,2.963407e+03
6.465520e+00,3.861209e+25,7.880463e-01,2.963985e+03
6.465520e+00,3.861209e+25,9.236709e-01,2.964660e+03
6.465520e+00,3.861209e+25,1.000000e+00,2.965039e+03
6.465520e+00,3.861209e+25,1.082637e+00,2.965449e+03
6.465520e+00,3.861209e+25,1.268961e+00,2.966370e+03
6.465520e+00,3.861209e+25,1.487352e+00,2.967445e+03
6.465520e+00,3.861209e+25,1.743329e+00,2.968698e+03
6.465520e+00,3.861209e+25,2.043360e+00,2.970157e+03
6.465520e+00,3.861209e+25,2.395027e+00,2.971854e+03
6.465520e+00,3.861209e+25,2.807216e+00,2.973826e+03
6.465520e+00,3.861209e+25,3.290345e+00,2.976749e+03
6.465520e+00,3.861209e+25,3.856620e+00,2.979634e+03
6.465520e+00,3.861209e+25,4.520354e+00,2.983016e+03
6.465520e+00,3.861209e+25,5.298317e+00,2.986984e+03
6.465520e+00,3.861209e+25,6.210169e+00,2.991638e+03
6.465520e+00,3.861209e+25,7.278954e+00,2.997099e+03
6.465520e+00,3.861209e+25,8.531679e+00,3.003508e+03
6.465520e+00,3.861209e+25,1.000000e+01,3.011030e+03
6.971056e+00,4.163115e+25,1.000000e-01,3.630818e+03
6.971056e+00,4.163115e+25,1.172102e-01,3.630910e+03
6.971056e+00,4.163115e+25,1.373824e-01,3.631017e+03
6.971056e+00,4.163115e+25,1.610262e-01,3.631143e+03
6.971056e+00,4.163115e+25,1.887392e-01,3.631290e+03
6.971056e+00,4.163115e+25,2.212216e-01,3.631462e+03
6.971056e+00,4.163115e+25,2.592944e-01,3.631664e+03
6.971056e+00,4.163115e+25,3.039195e-01,3.631900e+03
6.971056e+00,4.163115e+25,3.562248e-01,3.632177e+03
6.971056e+00,4.163115e+25,4.175319e-01,3.632501e+03
6.971056e+00,4.163115e+25,4.893901e-01,3.632880e+03
6.971056e+00,4.163115e+25,5.736153e-01,3.633324e+03
6.971056e+00,4.163115e+25,6.723358e-01,3.633843e+03
6.971056e+00,4.163115e+25,7.880463e-01,3.634449e+03
6.971056e+00,4.163115e+25,9.236709e-01,3.635159e+03
6.971056e+00,4.163115e+25,1.000000e+00,3.635557e+03
6.971056e+00,4.163115e+25,1.082637e+00,3.635987e+03
6.971056e+00,4.163115e+25,1.268961e+00,3.636954e+03
6.971056e+00,4.163115e+25,1.487352e+00,3.638083e+03
6.971056e+00,4.163115e+25,1.743329e+00,3.639399e+03
6.971056e+00,4.163115e+25,2.043360e+00,3.640931e+03
6.971056e+00,4.163115e+25,2.395027e+00,3.642714e+03
6.971056e+00,4.163115e+25,2.807216e+00,3.644785e+03
6.971056e+00,4.163115e+25,3.290345e+00,3.647188e+03
6.971056e+00,4.163115e+25,3.856620e+00,3.649970e+03
6.971056e+00,4.163115e+25,4.520354e+00,3.654419e+03
6.971056e+00,4.163115e+25,5.298317e+00,3.658581e+03
6.971056e+00,4.163115e+25,6.210169e+00,3.663463e+03
6.971056e+00,4.163115e+25,7.278954e+00,3.669189e+03
6.971056e+00,4.163115e+25,8.531679e+00,3.675907e+03
6.971056e+00,4.163115e+25,1.000000e+01,3.683792e+03
7.516119e+00,4.488627e+25,1.000000e-01,4.613932e+03
7.516119e+00,4.488627e+25,1.172102e-01,4.614037e+03
7.516119e+00,4.488627e+25,1.373824e-01,4.614161e+03
7.516119e+00,4.488627e+25,1.610262e-01,4.614306e+03
7.516119e+00,4.488627e+25,1.887392e-01,4.614475e+03
7.516119e+00,4.488627e+25,2.212216e-01,4.614674e+03
7.516119e+00,4.488627e+25,2.592944e-01,4.614907e+03
7.516119e+00,4.488627e+25,3.039195e-01,4.615180e+03
7.516119e+00,4.488627e+25,3.562248e-01,4.615499e+03
7.516119e+00,4.488627e+25,4.175319e-01,4.615872e+03
7.516119e+00,4.488627e+25,4.893901e-01,4.616309e+03
7.516119e+00,4.488627e+25,5.736153e-01,4.616821e+03
7.516119e+00,4.488627e+25,6.723358e-01,4.617419e+03
7.516119e+00,4.488627e+25,7.880463e-01,4.618118e+03
7.516119e+00,4.488627e+25,9.236709e-01,4.618936e+03
7.516119e+00,4.488627e+25,1.000000e+00,4.619395e+03
7.516119e+00,4.488627e+25,1.082637e+00,4.619891e+03
7.516119e+00,4.488627e+25,1.268961e+00,4.621006e+03
7.516119e+00,4.488627e+25,1.487352e+00,4.622306e+03
7.516119e+00,4.488627e+25,1.743329e+00,4.623822e+03
7.516119e+00,4.488627e+25,2.043360e+00,4.625588e+03
7.516119e+00,4.488627e+25,2.395027e+00,4.627642e+03
7.516119e+00,4.488627e+25,2.807216e+00,4.630028e+03
7.516119e+00,4.488627e+25,3.290345e+00,4.632795e+03
7.516119e+00,4.488627e+25,3.856620e+00,4.635998e+03
7.516119e+00,4.488627e+25,4.520354e+00,4.641144e+03
7.516119e+00,4.488627e+25,5.298317e+00,4.645942e+03
7.516119e+00,4.488627e+25,6.210169e+00,4.651569e+03
7.516119e+00,4.488627e+25,7.278954e+00,4.658169e+03
7.516119e+00,4.488627e+25,8.531679e+00,4.665917e+03
7.516119e+00,4.488627e+25,1.000000e+01,4.675005e+03
8.103801e+00,4.839590e+25,1.000000e-01,5.910625e+03
8.103801e+00,4.839590e+25,1.172102e-01,5.910747e+03
8.103801e+00,4.839590e+25,1.373824e-01,5.910891e+03
8.103801e+00,4.839590e+25,1.610262e-01,5.911058e+03
8.103801e+00,4.839590e+25,1.887392e-01,5.911255e+03
8.103801e+00,4.839590e+25,2.212216e-01,5.911486e+03
8.103801e+00,4.839590e+25,2.592944e-01,5.911756e+03
8.103801e+00,4.839590e+25,3.039195e-01,5.912072e+03
8.103801e+00,4.839590e+25,3.562248e-01,5.912441e+03
8.103801e+00,4.839590e+25,4.175319e-01,5.912875e+03
8.103801e+00,4.839590e+25,4.893901e-01,5.913381e+03
8.103801e+00,4.839590e+25,5.736153e-01,5.913974e+03
8.103801e+00,4.839590e+25,6.723358e-01,5.914668e+03
8.103801e+00,4.839590e+25,7.880463e-01,5.915479e+03
8.103801e+00,4.839590e+25,9.236709e-01,5.916426e+03
8.103801e+00,4.839590e+25,1.000000e+00,5.916958e+03
8.103801e+00,4.839590e+25,1.082637e+00,5.917533e+03
8.103801e+00,4.839590e+25,1.268961e+00,5.918825e+03
8.103801e+00,4.839590e+25,1.487352e+00,5.920333e+03
8.103801e+00,4.839590e+25,1.743329e+00,5.922346e+03
8.103801e+00,4.839590e+25,2.043360e+00,5.924487e+03
8.103801e+00,4.839590e+25,2.395027e+00,5.926997e+03
8.103801e+00,4.839590e+25,2.807216e+00,5.929939e+03
8.103801e+00,4.839590e+25,3.290345e+00,5.933389e+03
8.103801e+00,4.839590e+25,3.856620e+00,5.937434e+03
8.103801e+00,4.839590e+25,4.520354e+00,5.942178e+03
8.103801e+00,4.839590e+25,5.298317e+00,5.947740e+03
8.103801e+00,4.839590e+25,6.210169e+00,5.954263e+03
8.103801e+00,4.839590e+25,7.278954e+00,5.961914e+03
8.103801e+00,4.839590e+25,8.531679e+00,5.970890e+03
8.103801e+00,4.839590e+25,1.000000e+01,5.981421e+03
8.737433e+00,5.217995e+25,1.000000e-01,7.381413e+03
8.737433e+00,5.217995e+25,1.172102e-01,7.381544e+03
8.737433e+00,5.217995e+25,1.373824e-01,7.381697e+03
8.737433e+00,5.217995e+25,1.610262e-01,7.381877e+03
8.737433e+00,5.217995e+25,1.887392e-01,7.382087e+03
8.737433e+00,5.217995e+25,2.212216e-01,7.382334e+03
8.737433e+00,5.217995e+25,2.592944e-01,7.382623e+03
8.737433e+00,5.217995e+25,3.039195e-01,7.382961e+03
8.737433e+00,5.217995e+25,3.562248e-01,7.383357e+03
8.737433e+00,5.217995e+25,4.175319e-01,7.383821e+03
8.737433e+00,5.217995e+25,4.893901e-01,7.384363e+03
8.737433e+00,5.217995e+25,5.736153e-01,7.384998e+03
8.737433e+00,5.217995e+25,6.723358e-01,7.385740e+03
8.737433e+00,5.217995e+25,7.880463e-01,7.386608e+03
8.737433e+00,5.217995e+25,9.236709e-01,7.387622e+03
8.737433e+00,5.217995e+25,1.000000e+00,7.388192e+03
8.737433e+00,5.217995e+25,1.082637e+00,7.388807e+03
8.737433e+00,5.217995e+25,1.268961e+00,7.390190e+03
8.737433e+00,5.217995e+25,1.487352e+00,7.391803e+03
8.737433e+00,5.217995e+25,1.743329e+00,7.393684e+03
8.737433e+00,5.217995e+25,2.043360e+00,7.395874e+03
8.737433e+00,5.217995e+25,2.395027e+00,7.398422e+03
8.737433e+00,5.217995e+25,2.807216e+00,7.401380e+03
8.737433e+00,5.217995e+25,3.290345e+00,7.404812e+03
8.737433e+00,5.217995e+25,3.856620e+00,7.408784e+03
8.737433e+00,5.217995e+25,4.520354e+00,7.415171e+03
8.737433e+00,5.217995e+25,5.298317e+00,7.421121e+03
8.737433e+00,5.217995e+25,6.210169e+00,7.428097e+03
8.737433e+00,5.217995e+25,7.278954e+00,7.436280e+03
8.737433e+00,5.217995e+25,8.531679e+00,7.445876e+03
8.737433e+00,5.217995e+25,1.000000e+01,7.457135e+03
9.420609e+00,5.625988e+25,1.000000e-01,9.571626e+03
9.420609e+00,5.625988e+25,1.172102e-01,9.571779e+03
9.420609e+00,5.625988e+25,1.373824e-01,9.571958e+03
9.420609e+00,5.625988e+25,1.610262e-01,9.572168e+03
9.420609e+00,5.625988e+25,1.887392e-01,9.572414e+03
9.420609e+00,5.625988e+25,2.212216e-01,9.572702e+03
9.420609e+00,5.625988e+25,2.592944e-01,9.573040e+03
9.420609e+00,5.625988e+25,3.039195e-01,9.573435e+03
9.420609e+00,5.625988e+25,3.562248e-01,9.573898e+03
9.420609e+00,5.625988e+25,4.175319e-01,9.574439e+03
9.420609e+00,5.625988e+25,4.893901e-01,9.575073e+03
9.420609e+00,5.625988e+25,5.736153e-01,9.575815e+03
9.420609e+00,5.625988e+25,6.723358e-01,9.576682e+03
9.420609e+00,5.625988e+25,7.880463e-01,9.577696e+03
9.420609e+00,5.625988e+25,9.236709e-01,9.578881e+03
9.420609e+00,5.625988e+25,1.000000e+00,9.579546e+03
9.420609e+00,5.625988e+25,1.082637e+00,9.580265e+03
9.420609e+00,5.625988e+25,1.268961e+00,9.581881e+03
9.420609e+00,5.625988e+25,1.487352e+00,9.583765e+03
9.420609e+00,5.625988e+25,1.743329e+00,9.585962e+03
9.420609e+00,5.625988e+25,2.043360e+00,9.588519e+03
9.420609e+00,5.625988e+25,2.395027e+00,9.591494e+03
9.420609e+00,5.625988e+25,2.807216e+00,9.594948e+03
9.420609e+00,5.625988e+25,3.290345e+00,9.598954e+03
9.420609e+00,5.625988e+25,3.856620e+00,9.603589e+03
9.420609e+00,5.625988e+25,4.520354e+00,9.611075e+03
9.420609e+00,5.625988e+25,5.298317e+00,9.618028e+03
9.420609e+00,5.625988e+25,6.210169e+00,9.626180e+03
9.420609e+00,5.625988e+25,7.278954e+00,9.635740e+03
9.420609e+00,5.625988e+25,8.531679e+00,9.646952e+03
9.420609e+00,5.625988e+25,1.000000e+01,9.660104e+03
1.015720e+01,6.065881e+25,1.000000e-01,1.213324e+04
1.015720e+01,6.065881e+25,1.172102e-01,1.213340e+04
1.015720e+01,6.065881e+25,1.373824e-01,1.213360e+04
1.015720e+01,6.065881e+25,1.610262e-01,1.213383e+04
1.015720e+01,6.065881e+25,1.887392e-01,1.213409e+04
1.015720e+01,6.065881e+25,2.212216e-01,1.213441e+04
1.015720e+01,6.065881e+25,2.592944e-01,1.213477e+04
1.015720e+01,6.065881e+25,3.039195e-01,1.213520e+04
1.015720e+01,6.065881e+25,3.562248e-01,1.213571e+04
1.015720e+01,6.065881e+25,4.175319e-01,1.213630e+04
1.015720e+01,6.065881e+25,4.893901e-01,1.213699e+04
1.015720e+01,6.065881e+25,5.736153e-01,1.213779e+04
1.015720e+01,6.065881e+25,6.723358e-01,1.213874e+04
1.015720e+01,6.065881e+25,7.880463e-01,1.213984e+04
1.015720e+01,6.065881e+25,9.236709e-01,1.214113e+04
1.015720e+01,6.065881e+25,1.000000e+00,1.214185e+04
1.015720e+01,6.065881e+25,1.082637e+00,1.214263e+04
1.015720e+01,6.065881e+25,1.268961e+00,1.214439e+04
1.015720e+01,6.065881e+25,1.487352e+00,1.214644e+04
1.015720e+01,6.065881e+25,1.743329e+00,1.214883e+04
1.015720e+01,6.065881e+25,2.043360e+00,1.215161e+04
1.015720e+01,6.065881e+25,2.395027e+00,1.215485e+04
1.015720e+01,6.065881e+25,2.807216e+00,1.215861e+04
1.015720e+01,6.065881e+25,3.290345e+00,1.216296e+04
1.015720e+01,6.065881e+25,3.856620e+00,1.216801e+04
1.015720e+01,6.065881e+25,4.520354e+00,1.217613e+04
1.015720e+01,6.065881e+25,5.298317e+00,1.218369e+04
1.015720e+01,6.065881e+25,6.210169e+00,1.219255e+04
1.015720e+01,6.065881e+25,7.278954e+00,1.220294e+04
1.015720e+01,6.065881e+25,8.531679e+00,1.221512e+04
1.015720e+01,6.065881e+25,1.000000e+01,1.222942e+04
1.095139e+01,6.540169e+25,1.000000e-01,1.594392e+04
1.095139e+01,6.540169e+25,1.172102e-01,1.594412e+04
1.095139e+01,6.540169e+25,1.373824e-01,1.594435e+04
1.095139e+01,6.540169e+25,1.610262e-01,1.594462e+04
1.095139e+01,6.540169e+25,1.887392e-01,1.594493e+04
1.095139e+01,6.540169e+25,2.212216e-01,1.594530e+04
1.095139e+01,6.540169e+25,2.592944e-01,1.594574e+04
1.095139e+01,6.540169e+25,3.039195e-01,1.594624e+04
1.095139e+01,6.540169e+25,3.562248e-01,1.594684e+04
1.095139e+01,6.540169e+25,4.175319e-01,1.594753e+04
1.095139e+01,6.540169e+25,4.893901e-01,1.594834e+04
1.095139e+01,6.540169e+25,5.736153e-01,1.594929e+04
1.095139e+01,6.540169e+25,6.723358e-01,1.595040e+04
1.095139e+01,6.540169e+25,7.880463e-01,1.595170e+04
1.095139e+01,6.540169e+25,9.236709e-01,1.595322e+04
1.095139e+01,6.540169e+25,1.000000e+00,1.595408e+04
1.095139e+01,6.540169e+25,1.082637e+00,1.595500e+04
1.095139e+01,6.540169e+25,1.268961e+00,1.595707e+04
1.095139e+01,6.540169e+25,1.487352e+00,1.595948e+04
1.095139e+01,6.540169e+25,1.743329e+00,1.596230e+04
1.095139e+01,6.540169e+25,2.043360e+00,1.596558e+04
1.095139e+01,6.540169e+25,2.395027e+00,1.596939e+04
1.095139e+01,6.540169e+25,2.807216e+00,1.597381e+04
1.095139e+01,6.540169e+25,3.290345e+00,1.597895e+04
1.095139e+01,6.540169e+25,3.856620e+00,1.598488e+04
1.095139e+01,6.540169e+25,4.520354e+00,1.599449e+04
1.095139e+01,6.540169e+25,5.298317e+00,1.600339e+04
1.095139e+01,6.540169e+25,6.210169e+00,1.601384e+04
1.095139e+01,6.540169e+25,7.278954e+00,1.602608e+04
1.095139e+01,6.540169e+25,8.531679e+00,1.604044e+04
1.095139e+01,6.540169e+25,1.000000e+01,1.605729e+04
1.180767e+01,7.051542e+25,1.000000e-01,2.114047e+04
1.180767e+01,7.051542e+25,1.172102e-01,2.114070e+04
1.180767e+01,7.051542e+25,1.373824e-01,2.114097e+04
1.180767e+01,7.051542e+25,1.610262e-01,2.114129e+04
1.180767e+01,7.051542e+25,1.887392e-01,2.114167e+04
1.180767e+01,7.051542e+25,2.212216e-01,2.114210e+04
1.180767e+01,7.051542e+25,2.592944e-01,2.114262e+04
1.180767e+01,7.051542e+25,3.039195e-01,2.114322e+04
1.180767e+01,7.051542e+25,3.562248e-01,2.114392e+04
1.180767e+01,7.051542e+25,4.175319e-01,2.114475e+04
1.180767e+01,7.051542e+25,4.893901e-01,2.114571e+04
1.180767e+01,7.051542e+25,5.736153e-01,2.114684e+04
1.180767e+01,7.051542e+25,6.723358e-01,2.114816e+04
1.180767e+01,7.051542e+25,7.880463e-01,2.114970e+04
1.180767e+01,7.051542e+25,9.236709e-01,2.115150e+04
1.180767e+01,7.051542e+25,1.000000e+00,2.115251e+04
1.180767e+01,7.051542e+25,1.082637e+00,2.115320e+04
1.180767e+01,7.051542e+25,1.268961e+00,2.115558e+04
1.180767e+01,7.051542e+25,1.487352e+00,2.115837e+04
1.180767e+01,7.051542e+25,1.743329e+00,2.116275e+04
1.180767e+01,7.051542e+25,2.043360e+00,2.116682e+04
1.180767e+01,7.051542e+25,2.395027e+00,2.117159e+04
1.180767e+01,7.051542e+25,2.807216e+00,2.117719e+04
1.180767e+01,7.051542e+25,3.290345e+00,2.118374e+04
1.180767e+01,7.051542e+25,3.856620e+00,2.119143e+04
1.180767e+01,7.051542e+25,4.520354e+00,2.120044e+04
1.180767e+01,7.051542e+25,5.298317e+00,2.121100e+04
1.180767e+01,7.051542e+25,6.210169e+00,2.122339e+04
1.180767e+01,7.051542e+25,7.278954e+00,2.123791e+04
1.180767e+01,7.051542e+25,8.531679e+00,2.125494e+04
1.180767e+01,7.051542e+25,1.000000e+01,2.127490e+04
1.273091e+01,7.602898e+25,1.000000e-01,2.735243e+04
1.273091e+01,7.602898e+25,1.172102e-01,2.735268e+04
1.273091e+01,7.602898e+25,1.373824e-01,2.735299e+04
1.273091e+01,7.602898e+25,1.610262e-01,2.735334e+04
1.273091e+01,7.602898e+25,1.887392e-01,2.735375e+04
1.273091e+01,7.602898e+25,2.212216e-01,2.735424e+04
1.273091e+01,7.602898e+25,2.592944e-01,2.735481e+04
1.273091e+01,7.602898e+25,3.039195e-01,2.735547e+04
1.273091e+01,7.602898e+25,3.562248e-01,2.735625e+04
1.273091e+01,7.602898e+25,4.175319e-01,2.735717e+04
1.273091e+01,7.602898e+25,4.893901e-01,2.735823e+04
1.273091e+01,7.602898e+25,5.736153e-01,2.735948e+04
1.273091e+01,7.602898e+25,6.723358e-01,2.736094e+04
1.273091e+01,7.602898e+25,7.880463e-01,2.736265e+04
1.273091e+01,7.602898e+25,9.236709e-01,2.736464e+04
1.273091e+01,7.602898e+25,1.000000e+00,2.736576e+04
1.273091e+01,7.602898e+25,1.082637e+00,2.736697e+04
1.273091e+01,7.602898e+25,1.268961e+00,2.736969e+04
1.273091e+01,7.602898e+25,1.487352e+00,2.737287e+04
1.273091e+01,7.602898e+25,1.743329e+00,2.737656e+04
1.273091e+01,7.602898e+25,2.043360e+00,2.738087e+04
1.273091e+01,7.602898e+25,2.395027e+00,2.738587e+04
1.273091e+01,7.602898e+25,2.807216e+00,2.739168e+04
1.273091e+01,7.602898e+25,3.290345e+00,2.739842e+04
1.273091e+01,7.602898e+25,3.856620e+00,2.740621e+04
1.273091e+01,7.602898e+25,4.520354e+00,2.741884e+04
1.273091e+01,7.602898e+25,5.298317e+00,2.743053e+04
1.273091e+01,7.602898e+25,6.210169e+00,2.744425e+04
1.273091e+01,7.602898e+25,7.278954e+00,2.746032e+04
1.273091e+01,7.602898e+25,8.531679e+00,2.747917e+04
1.273091e+01,7.602898e+25,1.000000e+01,2.750129e+04
1.372633e+01,8.197365e+25,1.000000e-01,3.680587e+04
1.372633e+01,8.197365e+25,1.172102e-01,3.680617e+04
1.372633e+01,8.197365e+25,1.373824e-01,3.680654e+04
1.372633e+01,8.197365e+25,1.610262e-01,3.680696e+04
1.372633e+01,8.197365e+25,1.887392e-01,3.680746e+04
1.372633e+01,8.197365e+25,2.212216e-01,3.680804e+04
1.372633e+01,8.197365e+25,2.592944e-01,3.680872e+04
1.372633e+01,8.197365e+25,3.039195e-01,3.680951e+04
1.372633e+01,8.197365e+25,3.562248e-01,3.681045e+04
1.372633e+01,8.197365e+25,4.175319e-01,3.681154e+04
1.372633e+01,8.197365e+25,4.893901e-01,3.681282e+04
1.372633e+01,8.197365e+25,5.736153e-01,3.681431e+04
1.372633e+01,8.197365e+25,6.723358e-01,3.681606e+04
1.372633e+01,8.197365e+25,7.880463e-01,3.681811e+04
1.372633e+01,8.197365e+25,9.236709e-01,3.682049e+04
1.372633e+01,8.197365e+25,1.000000e+00,3.682184e+04
1.372633e+01,8.197365e+25,1.082637e+00,3.682328e+04
1.372633e+01,8.197365e+25,1.268961e+00,3.682654e+04
1.372633e+01,8.197365e+25,1.487352e+00,3.683034e+04
1.372633e+01,8.197365e+25,1.743329e+00,3.683476e+04
1.372633e+01,8.197365e+25,2.043360e+00,3.683991e+04
1.372633e+01,8.197365e+25,2.395027e+00,3.684590e+04
1.372633e+01,8.197365e+25,2.807216e+00,3.685457e+04
1.372633e+01,8.197365e+25,3.290345e+00,3.686326e+04
1.372633e+01,8.197365e+25,3.856620e+00,3.687345e+04
1.372633e+01,8.197365e+25,4.520354e+00,3.688540e+04
1.372633e+01,8.197365e+25,5.298317e+00,3.689941e+04
1.372633e+01,8.197365e+25,6.210169e+00,3.691583e+04
1.372633e+01,8.197365e+25,7.278954e+00,3.693508e+04
1.372633e+01,8.197365e+25,8.531679e+00,3.695765e+04
1.372633e+01,8.197365e+25,1.000000e+01,3.698412e+04
1.479959e+01,8.838313e+25,1.000000e-01,4.839923e+04
1.479959e+01,8.838313e+25,1.172102e-01,4.839958e+04
1.479959e+01,8.838313e+25,1.373824e-01,4.839998e+04
1.479959e+01,8.838313e+25,1.610262e-01,4.840046e+04
1.479959e+01,8.838313e+25,1.887392e-01,4.840102e+04
1.479959e+01,8.838313e+25,2.212216e-01,4.840167e+04
1.479959e+01,8.838313e+25,2.592944e-01,4.840244e+04
1.479959e+01,8.838313e+25,3.039195e-01,4.840333e+04
1.479959e+01,8.838313e+25,3.562248e-01,4.840438e+04
1.479959e+01,8.838313e+25,4.175319e-01,4.840561e+04
1.479959e+01,8.838313e+25,4.893901e-01,4.840705e+04
1.479959e+01,8.838313e+25,5.736153e-01,4.840873e+04
1.479959e+01,8.838313e+25,6.723358e-01,4.841069e+04
1.479959e+01,8.838313e+25,7.880463e-01,4.841299e+04
1.479959e+01,8.838313e+25,9.236709e-01,4.841568e+04
1.479959e+01,8.838313e+25,1.000000e+00,4.841718e+04
1.479959e+01,8.838313e+25,1.082637e+00,4.841881e+04
1.479959e+01,8.838313e+25,1.268961e+00,4.842247e+04
1.479959e+01,8.838313e+25,1.487352e+00,4.842674e+04
1.479959e+01,8.838313e+25,1.743329e+00,4.843172e+04
1.479959e+01,8.838313e+25,2.043360e+00,4.843751e+04
1.479959e+01,8.838313e+25,2.395027e+00,4.844425e+04
1.479959e+01,8.838313e+25,2.807216e+00,4.845207e+04
1.479959e+01,8.838313e+25,3.290345e+00,4.846113e+04
1.479959e+01,8.838313e+25,3.856620e+00,4.847162e+04
1.479959e+01,8.838313e+25,4.520354e+00,4.848863e+04
1.479959e+01,8.838313e+25,5.298317e+00,4.850438e+04
1.479959e+01,8.838313e+25,6.210169e+00,4.852283e+04
1.479959e+01,8.838313e+25,7.278954e+00,4.854447e+04
1.479959e+01,8.838313e+25,8.531679e+00,4.856984e+04
1.479959e+01,8.838313e+25,1.000000e+01,4.859958e+04
1.595676e+01,9.529377e+25,1.000000e-01,6.616729e+04
1.595676e+01,9.529377e+25,1.172102e-01,6.616771e+04
1.595676e+01,9.529377e+25,1.373824e-01,6.616821e+04
1.595676e+01,9.529377e+25,1.610262e-01,6.616878e+04
1.595676e+01,9.529377e+25,1.887392e-01,6.616946e+04
1.595676e+01,9.529377e+25,2.212216e-01,6.617025e+04
1.595676e+01,9.529377e+25,2.592944e-01,6.617117e+04
1.595676e+01,9.529377e+25,3.039195e-01,6.617226e+04
1.595676e+01,9.529377e+25,3.562248e-01,6.617353e+04
1.595676e+01,9.529377e+25,4.175319e-01,6.617501e+04
1.595676e+01,9.529377e+25,4.893901e-01,6.617675e+04
1.595676e+01,9.529377e+25,5.736153e-01,6.617879e+04
1.595676e+01,9.529377e+25,6.723358e-01,6.618117e+04
1.595676e+01,9.529377e+25,7.880463e-01,6.618395e+04
1.595676e+01,9.529377e+25,9.236709e-01,6.618720e+04
1.595676e+01,9.529377e+25,1.000000e+00,6.618902e+04
1.595676e+01,9.529377e+25,1.082637e+00,6.619099e+04
1.595676e+01,9.529377e+25,1.268961e+00,6.619542e+04
1.595676e+01,9.529377e+25,1.487352e+00,6.620059e+04
1.595676e+01,9.529377e+25,1.743329e+00,6.620660e+04
1.595676e+01,9.529377e+25,2.043360e+00,6.621361e+04
1.595676e+01,9.529377e+25,2.395027e+00,6.622176e+04
1.595676e+01,9.529377e+25,2.807216e+00,6.623121e+04
1.595676e+01,9.529377e+25,3.290345e+00,6.624217e+04
1.595676e+01,9.529377e+25,3.856620e+00,6.625924e+04
1.595676e+01,9.529377e+25,4.520354e+00,6.627549e+04
1.595676e+01,9.529377e+25,5.298317e+00,6.629454e+04
1.595676e+01,9.529377e+25,6.210169e+00,6.631688e+04
1.595676e+01,9.529377e+25,7.278954e+00,6.634306e+04
1.595676e+01,9.529377e+25,8.531679e+00,6.637376e+04
1.595676e+01,9.529377e+25,1.000000e+01,6.640975e+04
1.720441e+01,1.027447e+26,1.000000e-01,8.848270e+04
1.720441e+01,1.027447e+26,1.172102e-01,8.848318e+04
1.720441e+01,1.027447e+26,1.373824e-01,8.848374e+04
1.720441e+01,1.027447e+26,1.610262e-01,8.848440e+04
1.720441e+01,1.027447e+26,1.887392e-01,8.848517e+04
1.720441e+01,1.027447e+26,2.212216e-01,8.848607e+04
1.720441e+01,1.027447e+26,2.592944e-01,8.848713e+04
1.720441e+01,1.027447e+26,3.039195e-01,8.848836e+04
1.720441e+01,1.027447e+26,3.562248e-01,8.848981e+04
1.720441e+01,1.027447e+26,4.175319e-01,8.849151e+04
1.720441e+01,1.027447e+26,4.893901e-01,8.849349e+04
1.720441e+01,1.027447e+26,5.736153e-01,8.849581e+04
1.720441e+01,1.027447e+26,6.723358e-01,8.849852e+04
1.720441e+01,1.027447e+26,7.880463e-01,8.850170e+04
1.720441e+01,1.027447e+26,9.236709e-01,8.850540e+04
1.720441e+01,1.027447e+26,1.000000e+00,8.850749e+04
1.720441e+01,1.027447e+26,1.082637e+00,8.850973e+04
1.720441e+01,1.027447e+26,1.268961e+00,8.851479e+04
1.720441e+01,1.027447e+26,1.487352e+00,8.852068e+04
1.720441e+01,1.027447e+26,1.743329e+00,8.852755e+04
1.720441e+01,1.027447e+26,2.043360e+00,8.853554e+04
1.720441e+01,1.027447e+26,2.395027e+00,8.854484e+04
1.720441e+01,1.027447e+26,2.807216e+00,8.855563e+04
1.720441e+01,1.027447e+26,3.290345e+00,8.856814e+04
1.720441e+01,1.027447e+26,3.856620e+00,8.858260e+04
1.720441e+01,1.027447e+26,4.520354e+00,8.860612e+04
1.720441e+01,1.027447e+26,5.298317e+00,8.862786e+04
1.720441e+01,1.027447e+26,6.210169e+00,8.865333e+04
1.720441e+01,1.027447e+26,7.278954e+00,8.868319e+04
1.720441e+01,1.027447e+26,8.531679e+00,8.871820e+04
1.720441e+01,1.027447e+26,1.000000e+01,8.875925e+04
1.854961e+01,1.107783e+26,1.000000e-01,1.230365e+05
1.854961e+01,1.107783e+26,1.172102e-01,1.230371e+05
1.854961e+01,1.107783e+26,1.373824e-01,1.230378e+05
1.854961e+01,1.107783e+26,1.610262e-01,1.230386e+05
1.854961e+01,1.107783e+26,1.887392e-01,1.230396e+05
1.854961e+01,1.107783e+26,2.212216e-01,1.230407e+05
1.854961e+01,1.107783e+26,2.592944e-01,1.230419e+05
1.854961e+01,1.107783e+26,3.039195e-01,1.230435e+05
1.854961e+01,1.107783e+26,3.562248e-01,1.230452e+05
1.854961e+01,1.107783e+26,4.175319e-01,1.230473e+05
1.854961e+01,1.107783e+26,4.893901e-01,1.230497e+05
1.854961e+01,1.107783e+26,5.736153e-01,1.230526e+05
1.854961e+01,1.107783e+26,6.723358e-01,1.230559e+05
1.854961e+01,1.107783e+26,7.880463e-01,1.230598e+05
1.854961e+01,1.107783e+26,9.236709e-01,1.230643e+05
1.854961e+01,1.107783e+26,1.000000e+00,1.230669e+05
1.854961e+01,1.107783e+26,1.082637e+00,1.230696e+05
1.854961e+01,1.107783e+26,1.268961e+00,1.230758e+05
1.854961e+01,1.107783e+26,1.487352e+00,1.230830e+05
1.854961e+01,1.107783e+26,1.743329e+00,1.230914e+05
1.854961e+01,1.107783e+26,2.043360e+00,1.231012e+05
1.854961e+01,1.107783e+26,2.395027e+00,1.231126e+05
1.854961e+01,1.107783e+26,2.807216e+00,1.231258e+05
1.854961e+01,1.107783e+26,3.290345e+00,1.231410e+05
1.854961e+01,1.107783e+26,3.856620e+00,1.231587e+05
1.854961e+01,1.107783e+26,4.520354e+00,1.231876e+05
1.854961e+01,1.107783e+26,5.298317e+00,1.232142e+05
1.854961e+01,1.107783e+26,6.210169e+00,1.232454e+05
1.854961e+01,1.107783e+26,7.278954e+00,1.232819e+05
1.854961e+01,1.107783e+26,8.531679e+00,1.233248e+05
1.854961e+01,1.107783e+26,1.000000e+01,1.233750e+05
2.000000e+01,1.194400e+26,1.000000e-01,1.674409e+05
2.000000e+01,1.194400e+26,1.172102e-01,1.674416e+05
2.000000e+01,1.194400e+26,1.373824e-01,1.674424e+05
2.000000e+01,1.194400e+26,1.610262e-01,1.674433e+05
2.000000e+01,1.194400e+26,1.887392e-01,1.674444e+05
2.000000e+01,1.194400e+26,2.212216e-01,1.674457e+05
2.000000e+01,1.194400e+26,2.592944e-01,1.674472e+05
2.000000e+01,1.194400e+26,3.039195e-01,1.674489e+05
2.000000e+01,1.194400e+26,3.562248e-01,1.674510e+05
2.000000e+01,1.194400e+26,4.175319e-01,1.674534e+05
2.000000e+01,1.194400e+26,4.893901e-01,1.674562e+05
2.000000e+01,1.194400e+26,5.736153e-01,1.674595e+05
2.000000e+01,1.194400e+26,6.723358e-01,1.674633e+05
2.000000e+01,1.194400e+26,7.880463e-01,1.674678e+05
2.000000e+01,1.194400e+26,9.236709e-01,1.674730e+05
2.000000e+01,1.194400e+26,1.000000e+00,1.674760e+05
2.000000e+01,1.194400e+26,1.082637e+00,1.674792e+05
2.000000e+01,1.194400e+26,1.268961e+00,1.674863e+05
2.000000e+01,1.194400e+26,1.487352e+00,1.674947e+05
2.000000e+01,1.194400e+26,1.743329e+00,1.675044e+05
2.000000e+01,1.194400e+26,2.043360e+00,1.675157e+05
2.000000e+01,1.194400e+26,2.395027e+00,1.675289e+05
2.000000e+01,1.194400e+26,2.807216e+00,1.675442e+05
2.000000e+01,1.194400e+26,3.290345e+00,1.675619e+05
2.000000e+01,1.194400e+26,3.856620e+00,1.675824e+05
2.000000e+01,1.194400e+26,4.520354e+00,1.676157e+05
2.000000e+01,1.194400e+26,5.298317e+00,1.676465e+05
2.000000e+01,1.194400e+26,6.210169e+00,1.676826e+05
2.000000e+01,1.194400e+26,7.278954e+00,1.677249e+05
2.000000e+01,1.194400e+26,8.531679e+00,1.677745e+05
2.000000e+01,1.194400e+26,1.000000e+01,1.678326e+05
