M_planet (M_Earth),M_planet (kg),Pressure (bar),Num Stages
5.000000e-01,2.986000e+24,1.000000e-01,2
5.000000e-01,2.986000e+24,1.172102e-01,2
5.000000e-01,2.986000e+24,1.373824e-01,2
5.000000e-01,2.986000e+24,1.610262e-01,2
5.000000e-01,2.986000e+24,1.887392e-01,2
5.000000e-01,2.986000e+24,2.212216e-01,2
5.000000e-01,2.986000e+24,2.592944e-01,2
5.000000e-01,2.986000e+24,3.039195e-01,2
5.000000e-01,2.986000e+24,3.562248e-01,2
5.000000e-01,2.986000e+24,4.175319e-01,2
5.000000e-01,2.986000e+24,4.893901e-01,2
5.000000e-01,2.986000e+24,5.736153e-01,2
5.000000e-01,2.986000e+24,6.723358e-01,2
5.000000e-01,2.986000e+24,7.880463e-01,2
5.000000e-01,2.986000e+24,9.236709e-01,2
5.000000e-01,2.986000e+24,1.000000e+00,2
5.000000e-01,2.986000e+24,1.082637e+00,2
5.000000e-01,2.986000e+24,1.268961e+00,2
5.000000e-01,2.986000e+24,1.487352e+00,2
5.000000e-01,2.986000e+24,1.743329e+00,2
5.000000e-01,2.986000e+24,2.043360e+00,2
5.000000e-01,2.986000e+24,2.395027e+00,2
5.000000e-01,2.986000e+24,2.807216e+00,2
5.000000e-01,2.986000e+24,3.290345e+00,2
5.000000e-01,2.986000e+24,3.856620e+00,2
5.000000e-01,2.986000e+24,4.520354e+00,2
5.000000e-01,2.986000e+24,5.298317e+00,2
5.000000e-01,2.986000e+24,6.210169e+00,2
5.000000e-01,2.986000e+24,7.278954e+00,2
5.000000e-01,2.986000e+24,8.531679e+00,2
5.000000e-01,2.986000e+24,1.000000e+01,2
5.390948e-01,3.219474e+24,1.000000e-01,2
5.390948e-01,3.219474e+24,1.172102e-01,2
5.390948e-01,3.219474e+24,1.373824e-01,2
5.390948e-01,3.219474e+24,1.610262e-01,2
5.390948e-01,3.219474e+24,1.887392e-01,2
5.390948e-01,3.219474e+24,2.212216e-01,2
5.390948e-01,3.219474e+24,2.592944e-01,2
5.390948e-01,3.219474e+24,3.039195e-01,2
5.390948e-01,3.219474e+24,3.562248e-01,2
5.390948e-01,3.219474e+24,4.175319e-01,2
5.390948e-01,3.219474e+24,4.893901e-01,2
5.390948e-01,3.219474e+24,5.736153e-01,2
5.390948e-01,3.219474e+24,6.723358e-01,2
5.390948e-01,3.219474e+24,7.880463e-01,2
5.390948e-01,3.219474e+24,9.236709e-01,2
5.390948e-01,3.219474e+24,1.000000e+00,2
5.390948e-01,3.219474e+24,1.082637e+00,2
5.390948e-01,3.219474e+24,1.268961e+00,2
5.390948e-01,3.219474e+24,1.487352e+00,2
5.390948e-01,3.219474e+24,1.743329e+00,2
5.390948e-01,3.219474e+24,2.043360e+00,2
5.390948e-01,3.219474e+24,2.395027e+00,2
5.390948e-01,3.219474e+24,2.807216e+00,2
5.390948e-01,3.219474e+24,3.290345e+00,2
5.390948e-01,3.219474e+24,3.856620e+00,2
5.390948e-01,3.219474e+24,4.520354e+00,2
5.390948e-01,3.219474e+24,5.298317e+00,2
5.390948e-01,3.219474e+24,6.210169e+00,2
5.390948e-01,3.219474e+24,7.278954e+00,2
5.390948e-01,3.219474e+24,8.531679e+00,2
5.390948e-01,3.219474e+24,1.000000e+01,2
5.812463e-01,3.471203e+24,1.000000e-01,2
5.812463e-01,3.471203e+24,1.172102e-01,2
5.812463e-01,3.471203e+24,1.373824e-01,2
5.812463e-01,3.471203e+24,1.610262e-01,2
5.812463e-01,3.471203e+24,1.887392e-01,2
5.812463e-01,3.471203e+24,2.212216e-01,2
5.812463e-01,3.471203e+24,2.592944e-01,2
5.812463e-01,3.471203e+24,3.039195e-01,2
5.812463e-01,3.471203e+24,3.562248e-01,2
5.812463e-01,3.471203e+24,4.175319e-01,2
5.812463e-01,3.471203e+24,4.893901e-01,2
5.812463e-01,3.471203e+24,5.736153e-01,2
5.812463e-01,3.471203e+24,6.723358e-01,2
5.812463e-01,3.471203e+24,7.880463e-01,2
5.812463e-01,3.471203e+24,9.236709e-01,2
5.812463e-01,3.471203e+24,1.000000e+00,2
5.812463e-01,3.471203e+24,1.082637e+00,2
5.812463e-01,3.471203e+24,1.268961e+00,2
5.812463e-01,3.471203e+24,1.487352e+00,2
5.812463e-01,3.471203e+24,1.743329e+00,2
5.812463e-01,3.471203e+24,2.043360e+00,2
5.812463e-01,3.471203e+24,2.395027e+00,2
5.812463e-01,3.471203e+24,2.807216e+00,2
5.812463e-01,3.471203e+24,3.290345e+00,2
5.812463e-01,3.471203e+24,3.856620e+00,2
5.812463e-01,3.471203e+24,4.520354e+00,2
5.812463e-01,3.471203e+24,5.298317e+00,2
5.812463e-01,3.471203e+24,6.210169e+00,2
5.812463e-01,3.471203e+24,7.278954e+00,2
5.812463e-01,3.471203e+24,8.531679e+00,2
5.812463e-01,3.471203e+24,1.000000e+01,2
6.266937e-01,3.742615e+24,1.000000e-01,2
6.266937e-01,3.742615e+24,1.172102e-01,2
6.266937e-01,3.742615e+24,1.373824e-01,2
6.266937e-01,3.742615e+24,1.610262e-01,2
6.266937e-01,3.742615e+24,1.887392e-01,2
6.266937e-01,3.742615e+24,2.212216e-01,2
6.266937e-01,3.742615e+24,2.592944e-01,2
6.266937e-01,3.742615e+24,3.039195e-01,2
6.266937e-01,3.742615e+24,3.562248e-01,2
6.266937e-01,3.742615e+24,4.175319e-01,2
6.266937e-01,3.742615e+24,4.893901e-01,2
6.266937e-01,3.742615e+24,5.736153e-01,2
6.266937e-01,3.742615e+24,6.723358e-01,2
6.266937e-01,3.742615e+24,7.880463e-01,2
6.266937e-01,3.742615e+24,9.236709e-01,2
6.266937e-01,3.742615e+24,1.000000e+00,2
6.266937e-01,3.742615e+24,1.082637e+00,2
6.266937e-01,3.742615e+24,1.268961e+00,2
6.266937e-01,3.742615e+24,1.487352e+00,2
6.266937e-01,3.742615e+24,1.743329e+00,2
6.266937e-01,3.742615e+24,2.043360e+00,2
6.266937e-01,3.742615e+24,2.395027e+00,2
6.266937e-01,3.742615e+24,2.807216e+00,2
6.266937e-01,3.742615e+24,3.290345e+00,2
6.266937e-01,3.742615e+24,3.856620e+00,2
6.266937e-01,3.742615e+24,4.520354e+00,2
6.266937e-01,3.742615e+24,5.298317e+00,2
6.266937e-01,3.742615e+24,6.210169e+00,2
6.266937e-01,3.742615e+24,7.278954e+00,2
6.266937e-01,3.742615e+24,8.531679e+00,2
6.266937e-01,3.742615e+24,1.000000e+01,2
6.756945e-01,4.035248e+24,1.000000e-01,2
6.756945e-01,4.035248e+24,1.172102e-01,2
6.756945e-01,4.035248e+24,1.373824e-01,2
6.756945e-01,4.035248e+24,1.610262e-01,2
6.756945e-01,4.035248e+24,1.887392e-01,2
6.756945e-01,4.035248e+24,2.212216e-01,2
6.756945e-01,4.035248e+24,2.592944e-01,2
6.756945e-01,4.035248e+24,3.039195e-01,2
6.756945e-01,4.035248e+24,3.562248e-01,2
6.756945e-01,4.035248e+24,4.175319e-01,2
6.756945e-01,4.035248e+24,4.893901e-01,2
6.756945e-01,4.035248e+24,5.736153e-01,2
6.756945e-01,4.035248e+24,6.723358e-01,2
6.756945e-01,4.035248e+24,7.880463e-01,2
6.756945e-01,4.035248e+24,9.236709e-01,2
6.756945e-01,4.035248e+24,1.000000e+00,2
6.756945e-01,4.035248e+24,1.082637e+00,2
6.756945e-01,4.035248e+24,1.268961e+00,2
6.756945e-01,4.035248e+24,1.487352e+00,2
6.756945e-01,4.035248e+24,1.743329e+00,2
6.756945e-01,4.035248e+24,2.043360e+00,2
6.756945e-01,4.035248e+24,2.395027e+00,2
6.756945e-01,4.035248e+24,2.807216e+00,2
6.756945e-01,4.035248e+24,3.290345e+00,2
6.756945e-01,4.035248e+24,3.856620e+00,2
6.756945e-01,4.035248e+24,4.520354e+00,2
6.756945e-01,4.035248e+24,5.298317e+00,2
6.756945e-01,4.035248e+24,6.210169e+00,2
6.756945e-01,4.035248e+24,7.278954e+00,2
6.756945e-01,4.035248e+24,8.531679e+00,2
6.756945e-01,4.035248e+24,1.000000e+01,2
7.285268e-01,4.350762e+24,1.000000e-01,2
7.285268e-01,4.350762e+24,1.172102e-01,2
7.285268e-01,4.350762e+24,1.373824e-01,2
7.285268e-01,4.350762e+24,1.610262e-01,2
7.285268e-01,4.350762e+24,1.887392e-01,2
7.285268e-01,4.350762e+24,2.212216e-01,2
7.285268e-01,4.350762e+24,2.592944e-01,2
7.285268e-01,4.350762e+24,3.039195e-01,2
7.285268e-01,4.350762e+24,3.562248e-01,2
7.285268e-01,4.350762e+24,4.175319e-01,2
7.285268e-01,4.350762e+24,4.893901e-01,2
7.285268e-01,4.350762e+24,5.736153e-01,2
7.285268e-01,4.350762e+24,6.723358e-01,2
7.285268e-01,4.350762e+24,7.880463e-01,2
7.285268e-01,4.350762e+24,9.236709e-01,2
7.285268e-01,4.350762e+24,1.000000e+00,2
7.285268e-01,4.350762e+24,1.082637e+00,2
7.285268e-01,4.350762e+24,1.268961e+00,2
7.285268e-01,4.350762e+24,1.487352e+00,2
7.285268e-01,4.350762e+24,1.743329e+00,2
7.285268e-01,4.350762e+24,2.043360e+00,2
7.285268e-01,4.350762e+24,2.395027e+00,2
7.285268e-01,4.350762e+24,2.807216e+00,2
7.285268e-01,4.350762e+24,3.290345e+00,2
7.285268e-01,4.350762e+24,3.856620e+00,2
7.285268e-01,4.350762e+24,4.520354e+00,2
7.285268e-01,4.350762e+24,5.298317e+00,2
7.285268e-01,4.350762e+24,6.210169e+00,2
7.285268e-01,4.350762e+24,7.278954e+00,2
7.285268e-01,4.350762e+24,8.531679e+00,2
7.285268e-01,4.350762e+24,1.000000e+01,2
7.854899e-01,4.690946e+24,1.000000e-01,2
7.854899e-01,4.690946e+24,1.172102e-01,2
7.854899e-01,4.690946e+24,1.373824e-01,2
7.854899e-01,4.690946e+24,1.610262e-01,2
7.854899e-01,4.690946e+24,1.887392e-01,2
7.854899e-01,4.690946e+24,2.212216e-01,2
7.854899e-01,4.690946e+24,2.592944e-01,2
7.854899e-01,4.690946e+24,3.039195e-01,2
7.854899e-01,4.690946e+24,3.562248e-01,2
7.854899e-01,4.690946e+24,4.175319e-01,2
7.854899e-01,4.690946e+24,4.893901e-01,2
7.854899e-01,4.690946e+24,5.736153e-01,2
7.854899e-01,4.690946e+24,6.723358e-01,2
7.854899e-01,4.690946e+24,7.880463e-01,2
7.854899e-01,4.690946e+24,9.236709e-01,2
7.854899e-01,4.690946e+24,1.000000e+00,2
7.854899e-01,4.690946e+24,1.082637e+00,2
7.854899e-01,4.690946e+24,1.268961e+00,2
7.854899e-01,4.690946e+24,1.487352e+00,2
7.854899e-01,4.690946e+24,1.743329e+00,2
7.854899e-01,4.690946e+24,2.043360e+00,2
7.854899e-01,4.690946e+24,2.395027e+00,2
7.854899e-01,4.690946e+24,2.807216e+00,2
7.854899e-01,4.690946e+24,3.290345e+00,2
7.854899e-01,4.690946e+24,3.856620e+00,2
7.854899e-01,4.690946e+24,4.520354e+00,2
7.854899e-01,4.690946e+24,5.298317e+00,2
7.854899e-01,4.690946e+24,6.210169e+00,2
7.854899e-01,4.690946e+24,7.278954e+00,2
7.854899e-01,4.690946e+24,8.531679e+00,2
7.854899e-01,4.690946e+24,1.000000e+01,2
8.469070e-01,5.057729e+24,1.000000e-01,2
8.469070e-01,5.057729e+24,1.172102e-01,2
8.469070e-01,5.057729e+24,1.373824e-01,2
8.469070e-01,5.057729e+24,1.610262e-01,2
8.469070e-01,5.057729e+24,1.887392e-01,2
8.469070e-01,5.057729e+24,2.212216e-01,2
8.469070e-01,5.057729e+24,2.592944e-01,2
8.469070e-01,5.057729e+24,3.039195e-01,2
8.469070e-01,5.057729e+24,3.562248e-01,2
8.469070e-01,5.057729e+24,4.175319e-01,2
8.469070e-01,5.057729e+24,4.893901e-01,2
8.469070e-01,5.057729e+24,5.736153e-01,2
8.469070e-01,5.057729e+24,6.723358e-01,2
8.469070e-01,5.057729e+24,7.880463e-01,2
8.469070e-01,5.057729e+24,9.236709e-01,2
8.469070e-01,5.057729e+24,1.000000e+00,2
8.469070e-01,5.057729e+24,1.082637e+00,2
8.469070e-01,5.057729e+24,1.268961e+00,2
8.469070e-01,5.057729e+24,1.487352e+00,2
8.469070e-01,5.057729e+24,1.743329e+00,2
8.469070e-01,5.057729e+24,2.043360e+00,2
8.469070e-01,5.057729e+24,2.395027e+00,2
8.469070e-01,5.057729e+24,2.807216e+00,2
8.469070e-01,5.057729e+24,3.290345e+00,2
8.469070e-01,5.057729e+24,3.856620e+00,2
8.469070e-01,5.057729e+24,4.520354e+00,2
8.469070e-01,5.057729e+24,5.298317e+00,2
8.469070e-01,5.057729e+24,6.210169e+00,2
8.469070e-01,5.057729e+24,7.278954e+00,2
8.469070e-01,5.057729e+24,8.531679e+00,2
8.469070e-01,5.057729e+24,1.000000e+01,2
9.131262e-01,5.453190e+24,1.000000e-01,2
9.131262e-01,5.453190e+24,1.172102e-01,2
9.131262e-01,5.453190e+24,1.373824e-01,2
9.131262e-01,5.453190e+24,1.610262e-01,2
9.131262e-01,5.453190e+24,1.887392e-01,2
9.131262e-01,5.453190e+24,2.212216e-01,2
9.131262e-01,5.453190e+24,2.592944e-01,2
9.131262e-01,5.453190e+24,3.039195e-01,2
9.131262e-01,5.453190e+24,3.562248e-01,2
9.131262e-01,5.453190e+24,4.175319e-01,2
9.131262e-01,5.453190e+24,4.893901e-01,2
9.131262e-01,5.453190e+24,5.736153e-01,2
9.131262e-01,5.453190e+24,6.723358e-01,2
9.131262e-01,5.453190e+24,7.880463e-01,2
9.131262e-01,5.453190e+24,9.236709e-01,2
9.131262e-01,5.453190e+24,1.000000e+00,2
9.131262e-01,5.453190e+24,1.082637e+00,2
9.131262e-01,5.453190e+24,1.268961e+00,2
9.131262e-01,5.453190e+24,1.487352e+00,2
9.131262e-01,5.453190e+24,1.743329e+00,2
9.131262e-01,5.453190e+24,2.043360e+00,2
9.131262e-01,5.453190e+24,2.395027e+00,2
9.131262e-01,5.453190e+24,2.807216e+00,2
9.131262e-01,5.453190e+24,3.290345e+00,2
9.131262e-01,5.453190e+24,3.856620e+00,2
9.131262e-01,5.453190e+24,4.520354e+00,2
9.131262e-01,5.453190e+24,5.298317e+00,2
9.131262e-01,5.453190e+24,6.210169e+00,2
9.131262e-01,5.453190e+24,7.278954e+00,2
9.131262e-01,5.453190e+24,8.531679e+00,2
9.131262e-01,5.453190e+24,1.000000e+01,2
9.845231e-01,5.879572e+24,1.000000e-01,2
9.845231e-01,5.879572e+24,1.172102e-01,2
9.845231e-01,5.879572e+24,1.373824e-01,2
9.845231e-01,5.879572e+24,1.610262e-01,2
9.845231e-01,5.879572e+24,1.887392e-01,2
9.845231e-01,5.879572e+24,2.212216e-01,2
9.845231e-01,5.879572e+24,2.592944e-01,2
9.845231e-01,5.879572e+24,3.039195e-01,2
9.845231e-01,5.879572e+24,3.562248e-01,2
9.845231e-01,5.879572e+24,4.175319e-01,2
9.845231e-01,5.879572e+24,4.893901e-01,2
9.845231e-01,5.879572e+24,5.736153e-01,2
9.845231e-01,5.879572e+24,6.723358e-01,2
9.845231e-01,5.879572e+24,7.880463e-01,2
9.845231e-01,5.879572e+24,9.236709e-01,2
9.845231e-01,5.879572e+24,1.000000e+00,2
9.845231e-01,5.879572e+24,1.082637e+00,2
9.845231e-01,5.879572e+24,1.268961e+00,2
9.845231e-01,5.879572e+24,1.487352e+00,2
9.845231e-01,5.879572e+24,1.743329e+00,2
9.845231e-01,5.879572e+24,2.043360e+00,2
9.845231e-01,5.879572e+24,2.395027e+00,2
9.845231e-01,5.879572e+24,2.807216e+00,2
9.845231e-01,5.879572e+24,3.290345e+00,2
9.845231e-01,5.879572e+24,3.856620e+00,2
9.845231e-01,5.879572e+24,4.520354e+00,2
9.845231e-01,5.879572e+24,5.298317e+00,2
9.845231e-01,5.879572e+24,6.210169e+00,2
9.845231e-01,5.879572e+24,7.278954e+00,2
9.845231e-01,5.879572e+24,8.531679e+00,2
9.845231e-01,5.879572e+24,1.000000e+01,2
1.061503e+00,6.339293e+24,1.000000e-01,2
1.061503e+00,6.339293e+24,1.172102e-01,2
1.061503e+00,6.339293e+24,1.373824e-01,2
1.061503e+00,6.339293e+24,1.610262e-01,2
1.061503e+00,6.339293e+24,1.887392e-01,2
1.061503e+00,6.339293e+24,2.212216e-01,2
1.061503e+00,6.339293e+24,2.592944e-01,2
1.061503e+00,6.339293e+24,3.039195e-01,2
1.061503e+00,6.339293e+24,3.562248e-01,2
1.061503e+00,6.339293e+24,4.175319e-01,2
1.061503e+00,6.339293e+24,4.893901e-01,2
1.061503e+00,6.339293e+24,5.736153e-01,2
1.061503e+00,6.339293e+24,6.723358e-01,2
1.061503e+00,6.339293e+24,7.880463e-01,2
1.061503e+00,6.339293e+24,9.236709e-01,2
1.061503e+00,6.339293e+24,1.000000e+00,2
1.061503e+00,6.339293e+24,1.082637e+00,2
1.061503e+00,6.339293e+24,1.268961e+00,2
1.061503e+00,6.339293e+24,1.487352e+00,2
1.061503e+00,6.339293e+24,1.743329e+00,2
1.061503e+00,6.339293e+24,2.043360e+00,2
1.061503e+00,6.339293e+24,2.395027e+00,2
1.061503e+00,6.339293e+24,2.807216e+00,2
1.061503e+00,6.339293e+24,3.290345e+00,2
1.061503e+00,6.339293e+24,3.856620e+00,2
1.061503e+00,6.339293e+24,4.520354e+00,2
1.061503e+00,6.339293e+24,5.298317e+00,2
1.061503e+00,6.339293e+24,6.210169e+00,2
1.061503e+00,6.339293e+24,7.278954e+00,2
1.061503e+00,6.339293e+24,8.531679e+00,2
1.061503e+00,6.339293e+24,1.000000e+01,2
1.144501e+00,6.834959e+24,1.000000e-01,2
1.144501e+00,6.834959e+24,1.172102e-01,2
1.144501e+00,6.834959e+24,1.373824e-01,2
1.144501e+00,6.834959e+24,1.610262e-01,2
1.144501e+00,6.834959e+24,1.887392e-01,2
1.144501e+00,6.834959e+24,2.212216e-01,2
1.144501e+00,6.834959e+24,2.592944e-01,2
1.144501e+00,6.834959e+24,3.039195e-01,2
1.144501e+00,6.834959e+24,3.562248e-01,2
1.144501e+00,6.834959e+24,4.175319e-01,2
1.144501e+00,6.834959e+24,4.893901e-01,2
1.144501e+00,6.834959e+24,5.736153e-01,2
1.144501e+00,6.834959e+24,6.723358e-01,2
1.144501e+00,6.834959e+24,7.880463e-01,2
1.144501e+00,6.834959e+24,9.236709e-01,2
1.144501e+00,6.834959e+24,1.000000e+00,2
1.144501e+00,6.834959e+24,1.082637e+00,2
1.144501e+00,6.834959e+24,1.268961e+00,2
1.144501e+00,6.834959e+24,1.487352e+00,2
1.144501e+00,6.834959e+24,1.743329e+00,2
1.144501e+00,6.834959e+24,2.043360e+00,2
1.144501e+00,6.834959e+24,2.395027e+00,2
1.144501e+00,6.834959e+24,2.807216e+00,2
1.144501e+00,6.834959e+24,3.290345e+00,2
1.144501e+00,6.834959e+24,3.856620e+00,2
1.144501e+00,6.834959e+24,4.520354e+00,2
1.144501e+00,6.834959e+24,5.298317e+00,2
1.144501e+00,6.834959e+24,6.210169e+00,2
1.144501e+00,6.834959e+24,7.278954e+00,2
1.144501e+00,6.834959e+24,8.531679e+00,2
1.144501e+00,6.834959e+24,1.000000e+01,2
1.233989e+00,7.369381e+24,1.000000e-01,2
1.233989e+00,7.369381e+24,1.172102e-01,2
1.233989e+00,7.369381e+24,1.373824e-01,2
1.233989e+00,7.369381e+24,1.610262e-01,2
1.233989e+00,7.369381e+24,1.887392e-01,2
1.233989e+00,7.369381e+24,2.212216e-01,2
1.233989e+00,7.369381e+24,2.592944e-01,2
1.233989e+00,7.369381e+24,3.039195e-01,2
1.233989e+00,7.369381e+24,3.562248e-01,2
1.233989e+00,7.369381e+24,4.175319e-01,2
1.233989e+00,7.369381e+24,4.893901e-01,2
1.233989e+00,7.369381e+24,5.736153e-01,2
1.233989e+00,7.369381e+24,6.723358e-01,2
1.233989e+00,7.369381e+24,7.880463e-01,2
1.233989e+00,7.369381e+24,9.236709e-01,2
1.233989e+00,7.369381e+24,1.000000e+00,2
1.233989e+00,7.369381e+24,1.082637e+00,2
1.233989e+00,7.369381e+24,1.268961e+00,2
1.233989e+00,7.369381e+24,1.487352e+00,2
1.233989e+00,7.369381e+24,1.743329e+00,2
1.233989e+00,7.369381e+24,2.043360e+00,2
1.233989e+00,7.369381e+24,2.395027e+00,2
1.233989e+00,7.369381e+24,2.807216e+00,2
1.233989e+00,7.369381e+24,3.290345e+00,2
1.233989e+00,7.369381e+24,3.856620e+00,2
1.233989e+00,7.369381e+24,4.520354e+00,2
1.233989e+00,7.369381e+24,5.298317e+00,2
1.233989e+00,7.369381e+24,6.210169e+00,2
1.233989e+00,7.369381e+24,7.278954e+00,2
1.233989e+00,7.369381e+24,8.531679e+00,2
1.233989e+00,7.369381e+24,1.000000e+01,2
1.330474e+00,7.945590e+24,1.000000e-01,2
1.330474e+00,7.945590e+24,1.172102e-01,2
1.330474e+00,7.945590e+24,1.373824e-01,2
1.330474e+00,7.945590e+24,1.610262e-01,2
1.330474e+00,7.945590e+24,1.887392e-01,2
1.330474e+00,7.945590e+24,2.212216e-01,2
1.330474e+00,7.945590e+24,2.592944e-01,2
1.330474e+00,7.945590e+24,3.039195e-01,2
1.330474e+00,7.945590e+24,3.562248e-01,2
1.330474e+00,7.945590e+24,4.175319e-01,2
1.330474e+00,7.945590e+24,4.893901e-01,2
1.330474e+00,7.945590e+24,5.736153e-01,2
1.330474e+00,7.945590e+24,6.723358e-01,2
1.330474e+00,7.945590e+24,7.880463e-01,2
1.330474e+00,7.945590e+24,9.236709e-01,2
1.330474e+00,7.945590e+24,1.000000e+00,2
1.330474e+00,7.945590e+24,1.082637e+00,2
1.330474e+00,7.945590e+24,1.268961e+00,2
1.330474e+00,7.945590e+24,1.487352e+00,2
1.330474e+00,7.945590e+24,1.743329e+00,2
1.330474e+00,7.945590e+24,2.043360e+00,2
1.330474e+00,7.945590e+24,2.395027e+00,2
1.330474e+00,7.945590e+24,2.807216e+00,2
1.330474e+00,7.945590e+24,3.290345e+00,2
1.330474e+00,7.945590e+24,3.856620e+00,2
1.330474e+00,7.945590e+24,4.520354e+00,2
1.330474e+00,7.945590e+24,5.298317e+00,2
1.330474e+00,7.945590e+24,6.210169e+00,2
1.330474e+00,7.945590e+24,7.278954e+00,2
1.330474e+00,7.945590e+24,8.531679e+00,2
1.330474e+00,7.945590e+24,1.000000e+01,2
1.434503e+00,8.566851e+24,1.000000e-01,2
1.434503e+00,8.566851e+24,1.172102e-01,2
1.434503e+00,8.566851e+24,1.373824e-01,2
1.434503e+00,8.566851e+24,1.610262e-01,2
1.434503e+00,8.566851e+24,1.887392e-01,2
1.434503e+00,8.566851e+24,2.212216e-01,2
1.434503e+00,8.566851e+24,2.592944e-01,2
1.434503e+00,8.566851e+24,3.039195e-01,2
1.434503e+00,8.566851e+24,3.562248e-01,2
1.434503e+00,8.566851e+24,4.175319e-01,2
1.434503e+00,8.566851e+24,4.893901e-01,2
1.434503e+00,8.566851e+24,5.736153e-01,2
1.434503e+00,8.566851e+24,6.723358e-01,2
1.434503e+00,8.566851e+24,7.880463e-01,2
1.434503e+00,8.566851e+24,9.236709e-01,2
1.434503e+00,8.566851e+24,1.000000e+00,2
1.434503e+00,8.566851e+24,1.082637e+00,2
1.434503e+00,8.566851e+24,1.268961e+00,2
1.434503e+00,8.566851e+24,1.487352e+00,2
1.434503e+00,8.566851e+24,1.743329e+00,2
1.434503e+00,8.566851e+24,2.043360e+00,2
1.434503e+00,8.566851e+24,2.395027e+00,2
1.434503e+00,8.566851e+24,2.807216e+00,2
1.434503e+00,8.566851e+24,3.290345e+00,2
1.434503e+00,8.566851e+24,3.856620e+00,2
1.434503e+00,8.566851e+24,4.520354e+00,2
1.434503e+00,8.566851e+24,5.298317e+00,2
1.434503e+00,8.566851e+24,6.210169e+00,2
1.434503e+00,8.566851e+24,7.278954e+00,2
1.434503e+00,8.566851e+24,8.531679e+00,3
1.434503e+00,8.566851e+24,1.000000e+01,3
1.546666e+00,9.236689e+24,1.000000e-01,3
1.546666e+00,9.236689e+24,1.172102e-01,3
1.546666e+00,9.236689e+24,1.373824e-01,3
1.546666e+00,9.236689e+24,1.610262e-01,3
1.546666e+00,9.236689e+24,1.887392e-01,3
1.546666e+00,9.236689e+24,2.212216e-01,3
1.546666e+00,9.236689e+24,2.592944e-01,3
1.546666e+00,9.236689e+24,3.039195e-01,3
1.546666e+00,9.236689e+24,3.562248e-01,3
1.546666e+00,9.236689e+24,4.175319e-01,3
1.546666e+00,9.236689e+24,4.893901e-01,3
1.546666e+00,9.236689e+24,5.736153e-01,3
1.546666e+00,9.236689e+24,6.723358e-01,3
1.546666e+00,9.236689e+24,7.880463e-01,3
1.546666e+00,9.236689e+24,9.236709e-01,3
1.546666e+00,9.236689e+24,1.000000e+00,3
1.546666e+00,9.236689e+24,1.082637e+00,3
1.546666e+00,9.236689e+24,1.268961e+00,3
1.546666e+00,9.236689e+24,1.487352e+00,3
1.546666e+00,9.236689e+24,1.743329e+00,3
1.546666e+00,9.236689e+24,2.043360e+00,3
1.546666e+00,9.236689e+24,2.395027e+00,3
1.546666e+00,9.236689e+24,2.807216e+00,3
1.546666e+00,9.236689e+24,3.290345e+00,3
1.546666e+00,9.236689e+24,3.856620e+00,3
1.546666e+00,9.236689e+24,4.520354e+00,3
1.546666e+00,9.236689e+24,5.298317e+00,3
1.546666e+00,9.236689e+24,6.210169e+00,3
1.546666e+00,9.236689e+24,7.278954e+00,3
1.546666e+00,9.236689e+24,8.531679e+00,3
1.546666e+00,9.236689e+24,1.000000e+01,3
1.667599e+00,9.958901e+24,1.000000e-01,3
1.667599e+00,9.958901e+24,1.172102e-01,3
1.667599e+00,9.958901e+24,1.373824e-01,3
1.667599e+00,9.958901e+24,1.610262e-01,3
1.667599e+00,9.958901e+24,1.887392e-01,3
1.667599e+00,9.958901e+24,2.212216e-01,3
1.667599e+00,9.958901e+24,2.592944e-01,3
1.667599e+00,9.958901e+24,3.039195e-01,3
1.667599e+00,9.958901e+24,3.562248e-01,3
1.667599e+00,9.958901e+24,4.175319e-01,3
1.667599e+00,9.958901e+24,4.893901e-01,3
1.667599e+00,9.958901e+24,5.736153e-01,3
1.667599e+00,9.958901e+24,6.723358e-01,3
1.667599e+00,9.958901e+24,7.880463e-01,3
1.667599e+00,9.958901e+24,9.236709e-01,3
1.667599e+00,9.958901e+24,1.000000e+00,3
1.667599e+00,9.958901e+24,1.082637e+00,3
1.667599e+00,9.958901e+24,1.268961e+00,3
1.667599e+00,9.958901e+24,1.487352e+00,3
1.667599e+00,9.958901e+24,1.743329e+00,3
1.667599e+00,9.958901e+24,2.043360e+00,3
1.667599e+00,9.958901e+24,2.395027e+00,3
1.667599e+00,9.958901e+24,2.807216e+00,3
1.667599e+00,9.958901e+24,3.290345e+00,3
1.667599e+00,9.958901e+24,3.856620e+00,3
1.667599e+00,9.958901e+24,4.520354e+00,3
1.667599e+00,9.958901e+24,5.298317e+00,3
1.667599e+00,9.958901e+24,6.210169e+00,3
1.667599e+00,9.958901e+24,7.278954e+00,3
1.667599e+00,9.958901e+24,8.531679e+00,3
1.667599e+00,9.958901e+24,1.000000e+01,3
1.797988e+00,1.073758e+25,1.000000e-01,3
1.797988e+00,1.073758e+25,1.172102e-01,3
1.797988e+00,1.073758e+25,1.373824e-01,3
1.797988e+00,1.073758e+25,1.610262e-01,3
1.797988e+00,1.073758e+25,1.887392e-01,3
1.797988e+00,1.073758e+25,2.212216e-01,3
1.797988e+00,1.073758e+25,2.592944e-01,3
1.797988e+00,1.073758e+25,3.039195e-01,3
1.797988e+00,1.073758e+25,3.562248e-01,3
1.797988e+00,1.073758e+25,4.175319e-01,3
1.797988e+00,1.073758e+25,4.893901e-01,3
1.797988e+00,1.073758e+25,5.736153e-01,3
1.797988e+00,1.073758e+25,6.723358e-01,3
1.797988e+00,1.073758e+25,7.880463e-01,3
1.797988e+00,1.073758e+25,9.236709e-01,3
1.797988e+00,1.073758e+25,1.000000e+00,3
1.797988e+00,1.073758e+25,1.082637e+00,3
1.797988e+00,1.073758e+25,1.268961e+00,3
1.797988e+00,1.073758e+25,1.487352e+00,3
1.797988e+00,1.073758e+25,1.743329e+00,3
1.797988e+00,1.073758e+25,2.043360e+00,3
1.797988e+00,1.073758e+25,2.395027e+00,4
1.797988e+00,1.073758e+25,2.807216e+00,4
1.797988e+00,1.073758e+25,3.290345e+00,4
1.797988e+00,1.073758e+25,3.856620e+00,4
1.797988e+00,1.073758e+25,4.520354e+00,4
1.797988e+00,1.073758e+25,5.298317e+00,4
1.797988e+00,1.073758e+25,6.210169e+00,4
1.797988e+00,1.073758e+25,7.278954e+00,4
1.797988e+00,1.073758e+25,8.531679e+00,4
1.797988e+00,1.073758e+25,1.000000e+01,4
1.938572e+00,1.157715e+25,1.000000e-01,4
1.938572e+00,1.157715e+25,1.172102e-01,4
1.938572e+00,1.157715e+25,1.373824e-01,4
1.938572e+00,1.157715e+25,1.610262e-01,4
1.938572e+00,1.157715e+25,1.887392e-01,4
1.938572e+00,1.157715e+25,2.212216e-01,4
1.938572e+00,1.157715e+25,2.592944e-01,4
1.938572e+00,1.157715e+25,3.039195e-01,4
1.938572e+00,1.157715e+25,3.562248e-01,4
1.938572e+00,1.157715e+25,4.175319e-01,4
1.938572e+00,1.157715e+25,4.893901e-01,4
1.938572e+00,1.157715e+25,5.736153e-01,4
1.938572e+00,1.157715e+25,6.723358e-01,4
1.938572e+00,1.157715e+25,7.880463e-01,4
1.938572e+00,1.157715e+25,9.236709e-01,4
1.938572e+00,1.157715e+25,1.000000e+00,4
1.938572e+00,1.157715e+25,1.082637e+00,4
1.938572e+00,1.157715e+25,1.268961e+00,4
1.938572e+00,1.157715e+25,1.487352e+00,4
1.938572e+00,1.157715e+25,1.743329e+00,4
1.938572e+00,1.157715e+25,2.043360e+00,4
1.938572e+00,1.157715e+25,2.395027e+00,4
1.938572e+00,1.157715e+25,2.807216e+00,4
1.938572e+00,1.157715e+25,3.290345e+00,4
1.938572e+00,1.157715e+25,3.856620e+00,4
1.938572e+00,1.157715e+25,4.520354e+00,4
1.938572e+00,1.157715e+25,5.298317e+00,4
1.938572e+00,1.157715e+25,6.210169e+00,4
1.938572e+00,1.157715e+25,7.278954e+00,4
1.938572e+00,1.157715e+25,8.531679e+00,4
1.938572e+00,1.157715e+25,1.000000e+01,4
2.090148e+00,1.248236e+25,1.000000e-01,4
2.090148e+00,1.248236e+25,1.172102e-01,4
2.090148e+00,1.248236e+25,1.373824e-01,4
2.090148e+00,1.248236e+25,1.610262e-01,4
2.090148e+00,1.248236e+25,1.887392e-01,4
2.090148e+00,1.248236e+25,2.212216e-01,4
2.090148e+00,1.248236e+25,2.592944e-01,4
2.090148e+00,1.248236e+25,3.039195e-01,4
2.090148e+00,1.248236e+25,3.562248e-01,4
2.090148e+00,1.248236e+25,4.175319e-01,4
2.090148e+00,1.248236e+25,4.893901e-01,4
2.090148e+00,1.248236e+25,5.736153e-01,4
2.090148e+00,1.248236e+25,6.723358e-01,4
2.090148e+00,1.248236e+25,7.880463e-01,4
2.090148e+00,1.248236e+25,9.236709e-01,4
2.090148e+00,1.248236e+25,1.000000e+00,4
2.090148e+00,1.248236e+25,1.082637e+00,4
2.090148e+00,1.248236e+25,1.268961e+00,4
2.090148e+00,1.248236e+25,1.487352e+00,4
2.090148e+00,1.248236e+25,1.743329e+00,4
2.090148e+00,1.248236e+25,2.043360e+00,4
2.090148e+00,1.248236e+25,2.395027e+00,4
2.090148e+00,1.248236e+25,2.807216e+00,4
2.090148e+00,1.248236e+25,3.290345e+00,4
2.090148e+00,1.248236e+25,3.856620e+00,4
2.090148e+00,1.248236e+25,4.520354e+00,4
2.090148e+00,1.248236e+25,5.298317e+00,4
2.090148e+00,1.248236e+25,6.210169e+00,4
2.090148e+00,1.248236e+25,7.278954e+00,4
2.090148e+00,1.248236e+25,8.531679e+00,4
2.090148e+00,1.248236e+25,1.000000e+01,4
2.253575e+00,1.345835e+25,1.000000e-01,4
2.253575e+00,1.345835e+25,1.172102e-01,4
2.253575e+00,1.345835e+25,1.373824e-01,4
2.253575e+00,1.345835e+25,1.610262e-01,4
2.253575e+00,1.345835e+25,1.887392e-01,4
2.253575e+00,1.345835e+25,2.212216e-01,4
2.253575e+00,1.345835e+25,2.592944e-01,4
2.253575e+00,1.345835e+25,3.039195e-01,4
2.253575e+00,1.345835e+25,3.562248e-01,4
2.253575e+00,1.345835e+25,4.175319e-01,4
2.253575e+00,1.345835e+25,4.893901e-01,4
2.253575e+00,1.345835e+25,5.736153e-01,4
2.253575e+00,1.345835e+25,6.723358e-01,4
2.253575e+00,1.345835e+25,7.880463e-01,4
2.253575e+00,1.345835e+25,9.236709e-01,4
2.253575e+00,1.345835e+25,1.000000e+00,4
2.253575e+00,1.345835e+25,1.082637e+00,4
2.253575e+00,1.345835e+25,1.268961e+00,4
2.253575e+00,1.345835e+25,1.487352e+00,4
2.253575e+00,1.345835e+25,1.743329e+00,4
2.253575e+00,1.345835e+25,2.043360e+00,4
2.253575e+00,1.345835e+25,2.395027e+00,4
2.253575e+00,1.345835e+25,2.807216e+00,4
2.253575e+00,1.345835e+25,3.290345e+00,4
2.253575e+00,1.345835e+25,3.856620e+00,4
2.253575e+00,1.345835e+25,4.520354e+00,4
2.253575e+00,1.345835e+25,5.298317e+00,4
2.253575e+00,1.345835e+25,6.210169e+00,4
2.253575e+00,1.345835e+25,7.278954e+00,4
2.253575e+00,1.345835e+25,8.531679e+00,4
2.253575e+00,1.345835e+25,1.000000e+01,4
2.429781e+00,1.451065e+25,1.000000e-01,4
2.429781e+00,1.451065e+25,1.172102e-01,4
2.429781e+00,1.451065e+25,1.373824e-01,4
2.429781e+00,1.451065e+25,1.610262e-01,4
2.429781e+00,1.451065e+25,1.887392e-01,4
2.429781e+00,1.451065e+25,2.212216e-01,4
2.429781e+00,1.451065e+25,2.592944e-01,4
2.429781e+00,1.451065e+25,3.039195e-01,4
2.429781e+00,1.451065e+25,3.562248e-01,4
2.429781e+00,1.451065e+25,4.175319e-01,4
2.429781e+00,1.451065e+25,4.893901e-01,4
2.429781e+00,1.451065e+25,5.736153e-01,4
2.429781e+00,1.451065e+25,6.723358e-01,4
2.429781e+00,1.451065e+25,7.880463e-01,4
2.429781e+00,1.451065e+25,9.236709e-01,4
2.429781e+00,1.451065e+25,1.000000e+00,4
2.429781e+00,1.451065e+25,1.082637e+00,4
2.429781e+00,1.451065e+25,1.268961e+00,4
2.429781e+00,1.451065e+25,1.487352e+00,4
2.429781e+00,1.451065e+25,1.743329e+00,4
2.429781e+00,1.451065e+25,2.043360e+00,4
2.429781e+00,1.451065e+25,2.395027e+00,4
2.429781e+00,1.451065e+25,2.807216e+00,4
2.429781e+00,1.451065e+25,3.290345e+00,4
2.429781e+00,1.451065e+25,3.856620e+00,4
2.429781e+00,1.451065e+25,4.520354e+00,4
2.429781e+00,1.451065e+25,5.298317e+00,4
2.429781e+00,1.451065e+25,6.210169e+00,4
2.429781e+00,1.451065e+25,7.278954e+00,5
2.429781e+00,1.451065e+25,8.531679e+00,5
2.429781e+00,1.451065e+25,1.000000e+01,5
2.619764e+00,1.564523e+25,1.000000e-01,5
2.619764e+00,1.564523e+25,1.172102e-01,5
2.619764e+00,1.564523e+25,1.373824e-01,5
2.619764e+00,1.564523e+25,1.610262e-01,5
2.619764e+00,1.564523e+25,1.887392e-01,5
2.619764e+00,1.564523e+25,2.212216e-01,5
2.619764e+00,1.564523e+25,2.592944e-01,5
2.619764e+00,1.564523e+25,3.039195e-01,5
2.619764e+00,1.564523e+25,3.562248e-01,5
2.619764e+00,1.564523e+25,4.175319e-01,5
2.619764e+00,1.564523e+25,4.893901e-01,5
2.619764e+00,1.564523e+25,5.736153e-01,5
2.619764e+00,1.564523e+25,6.723358e-01,5
2.619764e+00,1.564523e+25,7.880463e-01,5
2.619764e+00,1.564523e+25,9.236709e-01,5
2.619764e+00,1.564523e+25,1.000000e+00,5
2.619764e+00,1.564523e+25,1.082637e+00,5
2.619764e+00,1.564523e+25,1.268961e+00,5
2.619764e+00,1.564523e+25,1.487352e+00,5
2.619764e+00,1.564523e+25,1.743329e+00,5
2.619764e+00,1.564523e+25,2.043360e+00,5
2.619764e+00,1.564523e+25,2.395027e+00,5
2.619764e+00,1.564523e+25,2.807216e+00,5
2.619764e+00,1.564523e+25,3.290345e+00,5
2.619764e+00,1.564523e+25,3.856620e+00,5
2.619764e+00,1.564523e+25,4.520354e+00,5
2.619764e+00,1.564523e+25,5.298317e+00,5
2.619764e+00,1.564523e+25,6.210169e+00,5
2.619764e+00,1.564523e+25,7.278954e+00,5
2.619764e+00,1.564523e+25,8.531679e+00,5
2.619764e+00,1.564523e+25,1.000000e+01,5
2.824603e+00,1.686853e+25,1.000000e-01,5
2.824603e+00,1.686853e+25,1.172102e-01,5
2.824603e+00,1.686853e+25,1.373824e-01,5
2.824603e+00,1.686853e+25,1.610262e-01,5
2.824603e+00,1.686853e+25,1.887392e-01,5
2.824603e+00,1.686853e+25,2.212216e-01,5
2.824603e+00,1.686853e+25,2.592944e-01,5
2.824603e+00,1.686853e+25,3.039195e-01,5
2.824603e+00,1.686853e+25,3.562248e-01,5
2.824603e+00,1.686853e+25,4.175319e-01,5
2.824603e+00,1.686853e+25,4.893901e-01,5
2.824603e+00,1.686853e+25,5.736153e-01,5
2.824603e+00,1.686853e+25,6.723358e-01,5
2.824603e+00,1.686853e+25,7.880463e-01,5
2.824603e+00,1.686853e+25,9.236709e-01,5
2.824603e+00,1.686853e+25,1.000000e+00,5
2.824603e+00,1.686853e+25,1.082637e+00,5
2.824603e+00,1.686853e+25,1.268961e+00,5
2.824603e+00,1.686853e+25,1.487352e+00,5
2.824603e+00,1.686853e+25,1.743329e+00,5
2.824603e+00,1.686853e+25,2.043360e+00,5
2.824603e+00,1.686853e+25,2.395027e+00,5
2.824603e+00,1.686853e+25,2.807216e+00,5
2.824603e+00,1.686853e+25,3.290345e+00,5
2.824603e+00,1.686853e+25,3.856620e+00,5
2.824603e+00,1.686853e+25,4.520354e+00,5
2.824603e+00,1.686853e+25,5.298317e+00,5
2.824603e+00,1.686853e+25,6.210169e+00,5
2.824603e+00,1.686853e+25,7.278954e+00,5
2.824603e+00,1.686853e+25,8.531679e+00,5
2.824603e+00,1.686853e+25,1.000000e+01,5
3.045457e+00,1.818747e+25,1.000000e-01,5
3.045457e+00,1.818747e+25,1.172102e-01,5
3.045457e+00,1.818747e+25,1.373824e-01,5
3.045457e+00,1.818747e+25,1.610262e-01,5
3.045457e+00,1.818747e+25,1.887392e-01,5
3.045457e+00,1.818747e+25,2.212216e-01,5
3.045457e+00,1.818747e+25,2.592944e-01,5
3.045457e+00,1.818747e+25,3.039195e-01,5
3.045457e+00,1.818747e+25,3.562248e-01,5
3.045457e+00,1.818747e+25,4.175319e-01,5
3.045457e+00,1.818747e+25,4.893901e-01,5
3.045457e+00,1.818747e+25,5.736153e-01,5
3.045457e+00,1.818747e+25,6.723358e-01,5
3.045457e+00,1.818747e+25,7.880463e-01,5
3.045457e+00,1.818747e+25,9.236709e-01,5
3.045457e+00,1.818747e+25,1.000000e+00,5
3.045457e+00,1.818747e+25,1.082637e+00,5
3.045457e+00,1.818747e+25,1.268961e+00,5
3.045457e+00,1.818747e+25,1.487352e+00,5
3.045457e+00,1.818747e+25,1.743329e+00,5
3.045457e+00,1.818747e+25,2.043360e+00,5
3.045457e+00,1.818747e+25,2.395027e+00,5
3.045457e+00,1.818747e+25,2.807216e+00,5
3.045457e+00,1.818747e+25,3.290345e+00,5
3.045457e+00,1.818747e+25,3.856620e+00,5
3.045457e+00,1.818747e+25,4.520354e+00,5
3.045457e+00,1.818747e+25,5.298317e+00,5
3.045457e+00,1.818747e+25,6.210169e+00,5
3.045457e+00,1.818747e+25,7.278954e+00,5
3.045457e+00,1.818747e+25,8.531679e+00,5
3.045457e+00,1.818747e+25,1.000000e+01,5
3.283580e+00,1.960954e+25,1.000000e-01,5
3.283580e+00,1.960954e+25,1.172102e-01,5
3.283580e+00,1.960954e+25,1.373824e-01,5
3.283580e+00,1.960954e+25,1.610262e-01,5
3.283580e+00,1.960954e+25,1.887392e-01,5
3.283580e+00,1.960954e+25,2.212216e-01,5
3.283580e+00,1.960954e+25,2.592944e-01,5
3.283580e+00,1.960954e+25,3.039195e-01,5
3.283580e+00,1.960954e+25,3.562248e-01,5
3.283580e+00,1.960954e+25,4.175319e-01,5
3.283580e+00,1.960954e+25,4.893901e-01,5
3.283580e+00,1.960954e+25,5.736153e-01,5
3.283580e+00,1.960954e+25,6.723358e-01,5
3.283580e+00,1.960954e+25,7.880463e-01,5
3.283580e+00,1.960954e+25,9.236709e-01,5
3.283580e+00,1.960954e+25,1.000000e+00,5
3.283580e+00,1.960954e+25,1.082637e+00,5
3.283580e+00,1.960954e+25,1.268961e+00,5
3.283580e+00,1.960954e+25,1.487352e+00,5
3.283580e+00,1.960954e+25,1.743329e+00,5
3.283580e+00,1.960954e+25,2.043360e+00,5
3.283580e+00,1.960954e+25,2.395027e+00,6
3.283580e+00,1.960954e+25,2.807216e+00,6
3.283580e+00,1.960954e+25,3.290345e+00,6
3.283580e+00,1.960954e+25,3.856620e+00,6
3.283580e+00,1.960954e+25,4.520354e+00,6
3.283580e+00,1.960954e+25,5.298317e+00,6
3.283580e+00,1.960954e+25,6.210169e+00,6
3.283580e+00,1.960954e+25,7.278954e+00,6
3.283580e+00,1.960954e+25,8.531679e+00,6
3.283580e+00,1.960954e+25,1.000000e+01,6
3.540321e+00,2.114280e+25,1.000000e-01,6
3.540321e+00,2.114280e+25,1.172102e-01,6
3.540321e+00,2.114280e+25,1.373824e-01,6
3.540321e+00,2.114280e+25,1.610262e-01,6
3.540321e+00,2.114280e+25,1.887392e-01,6
3.540321e+00,2.114280e+25,2.212216e-01,6
3.540321e+00,2.114280e+25,2.592944e-01,6
3.540321e+00,2.114280e+25,3.039195e-01,6
3.540321e+00,2.114280e+25,3.562248e-01,6
3.540321e+00,2.114280e+25,4.175319e-01,6
3.540321e+00,2.114280e+25,4.893901e-01,6
3.540321e+00,2.114280e+25,5.736153e-01,6
3.540321e+00,2.114280e+25,6.723358e-01,6
3.540321e+00,2.114280e+25,7.880463e-01,6
3.540321e+00,2.114280e+25,9.236709e-01,6
3.540321e+00,2.114280e+25,1.000000e+00,6
3.540321e+00,2.114280e+25,1.082637e+00,6
3.540321e+00,2.114280e+25,1.268961e+00,6
3.540321e+00,2.114280e+25,1.487352e+00,6
3.540321e+00,2.114280e+25,1.743329e+00,6
3.540321e+00,2.114280e+25,2.043360e+00,6
3.540321e+00,2.114280e+25,2.395027e+00,6
3.540321e+00,2.114280e+25,2.807216e+00,6
3.540321e+00,2.114280e+25,3.290345e+00,6
3.540321e+00,2.114280e+25,3.856620e+00,6
3.540321e+00,2.114280e+25,4.520354e+00,6
3.540321e+00,2.114280e+25,5.298317e+00,6
3.540321e+00,2.114280e+25,6.210169e+00,6
3.540321e+00,2.114280e+25,7.278954e+00,6
3.540321e+00,2.114280e+25,8.531679e+00,6
3.540321e+00,2.114280e+25,1.000000e+01,6
3.817137e+00,2.279594e+25,1.000000e-01,6
3.817137e+00,2.279594e+25,1.172102e-01,6
3.817137e+00,2.279594e+25,1.373824e-01,6
3.817137e+00,2.279594e+25,1.610262e-01,6
3.817137e+00,2.279594e+25,1.887392e-01,6
3.817137e+00,2.279594e+25,2.212216e-01,6
3.817137e+00,2.279594e+25,2.592944e-01,6
3.817137e+00,2.279594e+25,3.039195e-01,6
3.817137e+00,2.279594e+25,3.562248e-01,6
3.817137e+00,2.279594e+25,4.175319e-01,6
3.817137e+00,2.279594e+25,4.893901e-01,6
3.817137e+00,2.279594e+25,5.736153e-01,6
3.817137e+00,2.279594e+25,6.723358e-01,6
3.817137e+00,2.279594e+25,7.880463e-01,6
3.817137e+00,2.279594e+25,9.236709e-01,6
3.817137e+00,2.279594e+25,1.000000e+00,6
3.817137e+00,2.279594e+25,1.082637e+00,6
3.817137e+00,2.279594e+25,1.268961e+00,6
3.817137e+00,2.279594e+25,1.487352e+00,6
3.817137e+00,2.279594e+25,1.743329e+00,6
3.817137e+00,2.279594e+25,2.043360e+00,6
3.817137e+00,2.279594e+25,2.395027e+00,6
3.817137e+00,2.279594e+25,2.807216e+00,6
3.817137e+00,2.279594e+25,3.290345e+00,6
3.817137e+00,2.279594e+25,3.856620e+00,6
3.817137e+00,2.279594e+25,4.520354e+00,6
3.817137e+00,2.279594e+25,5.298317e+00,6
3.817137e+00,2.279594e+25,6.210169e+00,6
3.817137e+00,2.279594e+25,7.278954e+00,6
3.817137e+00,2.279594e+25,8.531679e+00,6
3.817137e+00,2.279594e+25,1.000000e+01,6
4.115597e+00,2.457835e+25,1.000000e-01,6
4.115597e+00,2.457835e+25,1.172102e-01,6
4.115597e+00,2.457835e+25,1.373824e-01,6
4.115597e+00,2.457835e+25,1.610262e-01,6
4.115597e+00,2.457835e+25,1.887392e-01,6
4.115597e+00,2.457835e+25,2.212216e-01,6
4.115597e+00,2.457835e+25,2.592944e-01,6
4.115597e+00,2.457835e+25,3.039195e-01,6
4.115597e+00,2.457835e+25,3.562248e-01,6
4.115597e+00,2.457835e+25,4.175319e-01,6
4.115597e+00,2.457835e+25,4.893901e-01,6
4.115597e+00,2.457835e+25,5.736153e-01,6
4.115597e+00,2.457835e+25,6.723358e-01,6
4.115597e+00,2.457835e+25,7.880463e-01,6
4.115597e+00,2.457835e+25,9.236709e-01,6
4.115597e+00,2.457835e+25,1.000000e+00,6
4.115597e+00,2.457835e+25,1.082637e+00,6
4.115597e+00,2.457835e+25,1.268961e+00,6
4.115597e+00,2.457835e+25,1.487352e+00,6
4.115597e+00,2.457835e+25,1.743329e+00,6
4.115597e+00,2.457835e+25,2.043360e+00,6
4.115597e+00,2.457835e+25,2.395027e+00,6
4.115597e+00,2.457835e+25,2.807216e+00,6
4.115597e+00,2.457835e+25,3.290345e+00,6
4.115597e+00,2.457835e+25,3.856620e+00,6
4.115597e+00,2.457835e+25,4.520354e+00,6
4.115597e+00,2.457835e+25,5.298317e+00,6
4.115597e+00,2.457835e+25,6.210169e+00,6
4.115597e+00,2.457835e+25,7.278954e+00,6
4.115597e+00,2.457835e+25,8.531679e+00,6
4.115597e+00,2.457835e+25,1.000000e+01,6
4.437394e+00,2.650011e+25,1.000000e-01,7
4.437394e+00,2.650011e+25,1.172102e-01,7
4.437394e+00,2.650011e+25,1.373824e-01,7
4.437394e+00,2.650011e+25,1.610262e-01,7
4.437394e+00,2.650011e+25,1.887392e-01,7
4.437394e+00,2.650011e+25,2.212216e-01,7
4.437394e+00,2.650011e+25,2.592944e-01,7
4.437394e+00,2.650011e+25,3.039195e-01,7
4.437394e+00,2.650011e+25,3.562248e-01,7
4.437394e+00,2.650011e+25,4.175319e-01,7
4.437394e+00,2.650011e+25,4.893901e-01,7
4.437394e+00,2.650011e+25,5.736153e-01,7
4.437394e+00,2.650011e+25,6.723358e-01,7
4.437394e+00,2.650011e+25,7.880463e-01,7
4.437394e+00,2.650011e+25,9.236709e-01,7
4.437394e+00,2.650011e+25,1.000000e+00,7
4.437394e+00,2.650011e+25,1.082637e+00,7
4.437394e+00,2.650011e+25,1.268961e+00,7
4.437394e+00,2.650011e+25,1.487352e+00,7
4.437394e+00,2.650011e+25,1.743329e+00,7
4.437394e+00,2.650011e+25,2.043360e+00,7
4.437394e+00,2.650011e+25,2.395027e+00,7
4.437394e+00,2.650011e+25,2.807216e+00,7
4.437394e+00,2.650011e+25,3.290345e+00,7
4.437394e+00,2.650011e+25,3.856620e+00,7
4.437394e+00,2.650011e+25,4.520354e+00,7
4.437394e+00,2.650011e+25,5.298317e+00,7
4.437394e+00,2.650011e+25,6.210169e+00,7
4.437394e+00,2.650011e+25,7.278954e+00,7
4.437394e+00,2.650011e+25,8.531679e+00,7
4.437394e+00,2.650011e+25,1.000000e+01,7
4.784351e+00,2.857215e+25,1.000000e-01,7
4.784351e+00,2.857215e+25,1.172102e-01,7
4.784351e+00,2.857215e+25,1.373824e-01,7
4.784351e+00,2.857215e+25,1.610262e-01,7
4.784351e+00,2.857215e+25,1.887392e-01,7
4.784351e+00,2.857215e+25,2.212216e-01,7
4.784351e+00,2.857215e+25,2.592944e-01,7
4.784351e+00,2.857215e+25,3.039195e-01,7
4.784351e+00,2.857215e+25,3.562248e-01,7
4.784351e+00,2.857215e+25,4.175319e-01,7
4.784351e+00,2.857215e+25,4.893901e-01,7
4.784351e+00,2.857215e+25,5.736153e-01,7
4.784351e+00,2.857215e+25,6.723358e-01,7
4.784351e+00,2.857215e+25,7.880463e-01,7
4.784351e+00,2.857215e+25,9.236709e-01,7
4.784351e+00,2.857215e+25,1.000000e+00,7
4.784351e+00,2.857215e+25,1.082637e+00,7
4.784351e+00,2.857215e+25,1.268961e+00,7
4.784351e+00,2.857215e+25,1.487352e+00,7
4.784351e+00,2.857215e+25,1.743329e+00,7
4.784351e+00,2.857215e+25,2.043360e+00,7
4.784351e+00,2.857215e+25,2.395027e+00,7
4.784351e+00,2.857215e+25,2.807216e+00,7
4.784351e+00,2.857215e+25,3.290345e+00,7
4.784351e+00,2.857215e+25,3.856620e+00,7
4.784351e+00,2.857215e+25,4.520354e+00,7
4.784351e+00,2.857215e+25,5.298317e+00,7
4.784351e+00,2.857215e+25,6.210169e+00,7
4.784351e+00,2.857215e+25,7.278954e+00,7
4.784351e+00,2.857215e+25,8.531679e+00,7
4.784351e+00,2.857215e+25,1.000000e+01,7
5.158437e+00,3.080619e+25,1.000000e-01,7
5.158437e+00,3.080619e+25,1.172102e-01,7
5.158437e+00,3.080619e+25,1.373824e-01,7
5.158437e+00,3.080619e+25,1.610262e-01,7
5.158437e+00,3.080619e+25,1.887392e-01,7
5.158437e+00,3.080619e+25,2.212216e-01,7
5.158437e+00,3.080619e+25,2.592944e-01,7
5.158437e+00,3.080619e+25,3.039195e-01,7
5.158437e+00,3.080619e+25,3.562248e-01,7
5.158437e+00,3.080619e+25,4.175319e-01,7
5.158437e+00,3.080619e+25,4.893901e-01,7
5.158437e+00,3.080619e+25,5.736153e-01,7
5.158437e+00,3.080619e+25,6.723358e-01,7
5.158437e+00,3.080619e+25,7.880463e-01,7
5.158437e+00,3.080619e+25,9.236709e-01,7
5.158437e+00,3.080619e+25,1.000000e+00,7
5.158437e+00,3.080619e+25,1.082637e+00,7
5.158437e+00,3.080619e+25,1.268961e+00,7
5.158437e+00,3.080619e+25,1.487352e+00,7
5.158437e+00,3.080619e+25,1.743329e+00,7
5.158437e+00,3.080619e+25,2.043360e+00,7
5.158437e+00,3.080619e+25,2.395027e+00,7
5.158437e+00,3.080619e+25,2.807216e+00,7
5.158437e+00,3.080619e+25,3.290345e+00,7
5.158437e+00,3.080619e+25,3.856620e+00,7
5.158437e+00,3.080619e+25,4.520354e+00,7
5.158437e+00,3.080619e+25,5.298317e+00,7
5.158437e+00,3.080619e+25,6.210169e+00,7
5.158437e+00,3.080619e+25,7.278954e+00,7
5.158437e+00,3.080619e+25,8.531679e+00,7
5.158437e+00,3.080619e+25,1.000000e+01,7
5.561773e+00,3.321491e+25,1.000000e-01,8
5.561773e+00,3.321491e+25,1.172102e-01,8
5.561773e+00,3.321491e+25,1.373824e-01,8
5.561773e+00,3.321491e+25,1.610262e-01,8
5.561773e+00,3.321491e+25,1.887392e-01,8
5.561773e+00,3.321491e+25,2.212216e-01,8
5.561773e+00,3.321491e+25,2.592944e-01,8
5.561773e+00,3.321491e+25,3.039195e-01,8
5.561773e+00,3.321491e+25,3.562248e-01,8
5.561773e+00,3.321491e+25,4.175319e-01,8
5.561773e+00,3.321491e+25,4.893901e-01,8
5.561773e+00,3.321491e+25,5.736153e-01,8
5.561773e+00,3.321491e+25,6.723358e-01,8
5.561773e+00,3.321491e+25,7.880463e-01,8
5.561773e+00,3.321491e+25,9.236709e-01,8
5.561773e+00,3.321491e+25,1.000000e+00,8
5.561773e+00,3.321491e+25,1.082637e+00,8
5.561773e+00,3.321491e+25,1.268961e+00,8
5.561773e+00,3.321491e+25,1.487352e+00,8
5.561773e+00,3.321491e+25,1.743329e+00,8
5.561773e+00,3.321491e+25,2.043360e+00,8
5.561773e+00,3.321491e+25,2.395027e+00,8
5.561773e+00,3.321491e+25,2.807216e+00,8
5.561773e+00,3.321491e+25,3.290345e+00,8
5.561773e+00,3.321491e+25,3.856620e+00,8
5.561773e+00,3.321491e+25,4.520354e+00,8
5.561773e+00,3.321491e+25,5.298317e+00,8
5.561773e+00,3.321491e+25,6.210169e+00,8
5.561773e+00,3.321491e+25,7.278954e+00,8
5.561773e+00,3.321491e+25,8.531679e+00,8
5.561773e+00,3.321491e+25,1.000000e+01,8
5.996645e+00,3.581197e+25,1.000000e-01,8
5.996645e+00,3.581197e+25,1.172102e-01,8
5.996645e+00,3.581197e+25,1.373824e-01,8
5.996645e+00,3.581197e+25,1.610262e-01,8
5.996645e+00,3.581197e+25,1.887392e-01,8
5.996645e+00,3.581197e+25,2.212216e-01,8
5.996645e+00,3.581197e+25,2.592944e-01,8
5.996645e+00,3.581197e+25,3.039195e-01,8
5.996645e+00,3.581197e+25,3.562248e-01,8
5.996645e+00,3.581197e+25,4.175319e-01,8
5.996645e+00,3.581197e+25,4.893901e-01,8
5.996645e+00,3.581197e+25,5.736153e-01,8
5.996645e+00,3.581197e+25,6.723358e-01,8
5.996645e+00,3.581197e+25,7.880463e-01,8
5.996645e+00,3.581197e+25,9.236709e-01,8
5.996645e+00,3.581197e+25,1.000000e+00,8
5.996645e+00,3.581197e+25,1.082637e+00,8
5.996645e+00,3.581197e+25,1.268961e+00,8
5.996645e+00,3.581197e+25,1.487352e+00,8
5.996645e+00,3.581197e+25,1.743329e+00,8
5.996645e+00,3.581197e+25,2.043360e+00,8
5.996645e+00,3.581197e+25,2.395027e+00,8
5.996645e+00,3.581197e+25,2.807216e+00,8
5.996645e+00,3.581197e+25,3.290345e+00,8
5.996645e+00,3.581197e+25,3.856620e+00,8
5.996645e+00,3.581197e+25,4.520354e+00,8
5.996645e+00,3.581197e+25,5.298317e+00,8
5.996645e+00,3.581197e+25,6.210169e+00,8
5.996645e+00,3.581197e+25,7.278954e+00,8
5.996645e+00,3.581197e+25,8.531679e+00,8
5.996645e+00,3.581197e+25,1.000000e+01,8
6.465520e+00,3.861209e+25,1.000000e-01,8
6.465520e+00,3.861209e+25,1.172102e-01,8
6.465520e+00,3.861209e+25,1.373824e-01,8
6.465520e+00,3.861209e+25,1.610262e-01,8
6.465520e+00,3.861209e+25,1.887392e-01,8
6.465520e+00,3.861209e+25,2.212216e-01,8
6.465520e+00,3.861209e+25,2.592944e-01,8
6.465520e+00,3.861209e+25,3.039195e-01,8
6.465520e+00,3.861209e+25,3.562248e-01,8
6.465520e+00,3.861209e+25,4.175319e-01,8
6.465520e+00,3.861209e+25,4.893901e-01,8
6.465520e+00,3.861209e+25,5.736153e-01,8
6.465520e+00,3.861209e+25,6.723358e-01,8
6.465520e+00,3.861209e+25,7.880463e-01,8
6.465520e+00,3.861209e+25,9.236709e-01,8
6.465520e+00,3.861209e+25,1.000000e+00,8
6.465520e+00,3.861209e+25,1.082637e+00,8
6.465520e+00,3.861209e+25,1.268961e+00,8
6.465520e+00,3.861209e+25,1.487352e+00,8
6.465520e+00,3.861209e+25,1.743329e+00,8
6.465520e+00,3.861209e+25,2.043360e+00,8
6.465520e+00,3.861209e+25,2.395027e+00,8
6.465520e+00,3.861209e+25,2.807216e+00,8
6.465520e+00,3.861209e+25,3.290345e+00,8
6.465520e+00,3.861209e+25,3.856620e+00,8
6.465520e+00,3.861209e+25,4.520354e+00,8
6.465520e+00,3.861209e+25,5.298317e+00,8
6.465520e+00,3.861209e+25,6.210169e+00,8
6.465520e+00,3.861209e+25,7.278954e+00,8
6.465520e+00,3.861209e+25,8.531679e+00,8
6.465520e+00,3.861209e+25,1.000000e+01,8
6.971056e+00,4.163115e+25,1.000000e-01,9
6.971056e+00,4.163115e+25,1.172102e-01,9
6.971056e+00,4.163115e+25,1.373824e-01,9
6.971056e+00,4.163115e+25,1.610262e-01,9
6.971056e+00,4.163115e+25,1.887392e-01,9
6.971056e+00,4.163115e+25,2.212216e-01,9
6.971056e+00,4.163115e+25,2.592944e-01,9
6.971056e+00,4.163115e+25,3.039195e-01,9
6.971056e+00,4.163115e+25,3.562248e-01,9
6.971056e+00,4.163115e+25,4.175319e-01,9
6.971056e+00,4.163115e+25,4.893901e-01,9
6.971056e+00,4.163115e+25,5.736153e-01,9
6.971056e+00,4.163115e+25,6.723358e-01,9
6.971056e+00,4.163115e+25,7.880463e-01,9
6.971056e+00,4.163115e+25,9.236709e-01,9
6.971056e+00,4.163115e+25,1.000000e+00,9
6.971056e+00,4.163115e+25,1.082637e+00,9
6.971056e+00,4.163115e+25,1.268961e+00,9
6.971056e+00,4.163115e+25,1.487352e+00,9
6.971056e+00,4.163115e+25,1.743329e+00,9
6.971056e+00,4.163115e+25,2.043360e+00,9
6.971056e+00,4.163115e+25,2.395027e+00,9
6.971056e+00,4.163115e+25,2.807216e+00,9
6.971056e+00,4.163115e+25,3.290345e+00,9
6.971056e+00,4.163115e+25,3.856620e+00,9
6.971056e+00,4.163115e+25,4.520354e+00,9
6.971056e+00,4.163115e+25,5.298317e+00,9
6.971056e+00,4.163115e+25,6.210169e+00,9
6.971056e+00,4.163115e+25,7.278954e+00,9
6.971056e+00,4.163115e+25,8.531679e+00,9
6.971056e+00,4.163115e+25,1.000000e+01,9
7.516119e+00,4.488627e+25,1.000000e-01,9
7.516119e+00,4.488627e+25,1.172102e-01,9
7.516119e+00,4.488627e+25,1.373824e-01,9
7.516119e+00,4.488627e+25,1.610262e-01,9
7.516119e+00,4.488627e+25,1.887392e-01,9
7.516119e+00,4.488627e+25,2.212216e-01,9
7.516119e+00,4.488627e+25,2.592944e-01,9
7.516119e+00,4.488627e+25,3.039195e-01,9
7.516119e+00,4.488627e+25,3.562248e-01,9
7.516119e+00,4.488627e+25,4.175319e-01,9
7.516119e+00,4.488627e+25,4.893901e-01,9
7.516119e+00,4.488627e+25,5.736153e-01,9
7.516119e+00,4.488627e+25,6.723358e-01,9
7.516119e+00,4.488627e+25,7.880463e-01,9
7.516119e+00,4.488627e+25,9.236709e-01,9
7.516119e+00,4.488627e+25,1.000000e+00,9
7.516119e+00,4.488627e+25,1.082637e+00,9
7.516119e+00,4.488627e+25,1.268961e+00,9
7.516119e+00,4.488627e+25,1.487352e+00,9
7.516119e+00,4.488627e+25,1.743329e+00,9
7.516119e+00,4.488627e+25,2.043360e+00,9
7.516119e+00,4.488627e+25,2.395027e+00,9
7.516119e+00,4.488627e+25,2.807216e+00,9
7.516119e+00,4.488627e+25,3.290345e+00,9
7.516119e+00,4.488627e+25,3.856620e+00,9
7.516119e+00,4.488627e+25,4.520354e+00,9
7.516119e+00,4.488627e+25,5.298317e+00,9
7.516119e+00,4.488627e+25,6.210169e+00,9
7.516119e+00,4.488627e+25,7.278954e+00,9
7.516119e+00,4.488627e+25,8.531679e+00,9
7.516119e+00,4.488627e+25,1.000000e+01,9
8.103801e+00,4.839590e+25,1.000000e-01,9
8.103801e+00,4.839590e+25,1.172102e-01,9
8.103801e+00,4.839590e+25,1.373824e-01,9
8.103801e+00,4.839590e+25,1.610262e-01,9
8.103801e+00,4.839590e+25,1.887392e-01,9
8.103801e+00,4.839590e+25,2.212216e-01,9
8.103801e+00,4.839590e+25,2.592944e-01,9
8.103801e+00,4.839590e+25,3.039195e-01,9
8.103801e+00,4.839590e+25,3.562248e-01,9
8.103801e+00,4.839590e+25,4.175319e-01,9
8.103801e+00,4.839590e+25,4.893901e-01,9
8.103801e+00,4.839590e+25,5.736153e-01,9
8.103801e+00,4.839590e+25,6.723358e-01,9
8.103801e+00,4.839590e+25,7.880463e-01,9
8.103801e+00,4.839590e+25,9.236709e-01,9
8.103801e+00,4.839590e+25,1.000000e+00,9
8.103801e+00,4.839590e+25,1.082637e+00,9
8.103801e+00,4.839590e+25,1.268961e+00,9
8.103801e+00,4.839590e+25,1.487352e+00,9
8.103801e+00,4.839590e+25,1.743329e+00,9
8.103801e+00,4.839590e+25,2.043360e+00,9
8.103801e+00,4.839590e+25,2.395027e+00,9
8.103801e+00,4.839590e+25,2.807216e+00,9
8.103801e+00,4.839590e+25,3.290345e+00,9
8.103801e+00,4.839590e+25,3.856620e+00,9
8.103801e+00,4.839590e+25,4.520354e+00,9
8.103801e+00,4.839590e+25,5.298317e+00,9
8.103801e+00,4.839590e+25,6.210169e+00,9
8.103801e+00,4.839590e+25,7.278954e+00,9
8.103801e+00,4.839590e+25,8.531679e+00,9
8.103801e+00,4.839590e+25,1.000000e+01,9
8.737433e+00,5.217995e+25,1.000000e-01,10
8.737433e+00,5.217995e+25,1.172102e-01,10
8.737433e+00,5.217995e+25,1.373824e-01,10
8.737433e+00,5.217995e+25,1.610262e-01,10
8.737433e+00,5.217995e+25,1.887392e-01,10
8.737433e+00,5.217995e+25,2.212216e-01,10
8.737433e+00,5.217995e+25,2.592944e-01,10
8.737433e+00,5.217995e+25,3.039195e-01,10
8.737433e+00,5.217995e+25,3.562248e-01,10
8.737433e+00,5.217995e+25,4.175319e-01,10
8.737433e+00,5.217995e+25,4.893901e-01,10
8.737433e+00,5.217995e+25,5.736153e-01,10
8.737433e+00,5.217995e+25,6.723358e-01,10
8.737433e+00,5.217995e+25,7.880463e-01,10
8.737433e+00,5.217995e+25,9.236709e-01,10
8.737433e+00,5.217995e+25,1.000000e+00,10
8.737433e+00,5.217995e+25,1.082637e+00,10
8.737433e+00,5.217995e+25,1.268961e+00,10
8.737433e+00,5.217995e+25,1.487352e+00,10
8.737433e+00,5.217995e+25,1.743329e+00,10
8.737433e+00,5.217995e+25,2.043360e+00,10
8.737433e+00,5.217995e+25,2.395027e+00,10
8.737433e+00,5.217995e+25,2.807216e+00,10
8.737433e+00,5.217995e+25,3.290345e+00,10
8.737433e+00,5.217995e+25,3.856620e+00,10
8.737433e+00,5.217995e+25,4.520354e+00,10
8.737433e+00,5.217995e+25,5.298317e+00,10
8.737433e+00,5.217995e+25,6.210169e+00,10
8.737433e+00,5.217995e+25,7.278954e+00,10
8.737433e+00,5.217995e+25,8.531679e+00,10
8.737433e+00,5.217995e+25,1.000000e+01,10
9.420609e+00,5.625988e+25,1.000000e-01,10
9.420609e+00,5.625988e+25,1.172102e-01,10
9.420609e+00,5.625988e+25,1.373824e-01,10
9.420609e+00,5.625988e+25,1.610262e-01,10
9.420609e+00,5.625988e+25,1.887392e-01,10
9.420609e+00,5.625988e+25,2.212216e-01,10
9.420609e+00,5.625988e+25,2.592944e-01,10
9.420609e+00,5.625988e+25,3.039195e-01,10
9.420609e+00,5.625988e+25,3.562248e-01,10
9.420609e+00,5.625988e+25,4.175319e-01,10
9.420609e+00,5.625988e+25,4.893901e-01,10
9.420609e+00,5.625988e+25,5.736153e-01,10
9.420609e+00,5.625988e+25,6.723358e-01,10
9.420609e+00,5.625988e+25,7.880463e-01,10
9.420609e+00,5.625988e+25,9.236709e-01,10
9.420609e+00,5.625988e+25,1.000000e+00,10
9.420609e+00,5.625988e+25,1.082637e+00,10
9.420609e+00,5.625988e+25,1.268961e+00,10
9.420609e+00,5.625988e+25,1.487352e+00,10
9.420609e+00,5.625988e+25,1.743329e+00,10
9.420609e+00,5.625988e+25,2.043360e+00,10
9.420609e+00,5.625988e+25,2.395027e+00,10
9.420609e+00,5.625988e+25,2.807216e+00,10
9.420609e+00,5.625988e+25,3.290345e+00,10
9.420609e+00,5.625988e+25,3.856620e+00,10
9.420609e+00,5.625988e+25,4.520354e+00,10
9.420609e+00,5.625988e+25,5.298317e+00,10
9.420609e+00,5.625988e+25,6.210169e+00,10
9.420609e+00,5.625988e+25,7.278954e+00,10
9.420609e+00,5.625988e+25,8.531679e+00,10
9.420609e+00,5.625988e+25,1.000000e+01,10
1.015720e+01,6.065881e+25,1.000000e-01,11
1.015720e+01,6.065881e+25,1.172102e-01,11
1.015720e+01,6.065881e+25,1.373824e-01,11
1.015720e+01,6.065881e+25,1.610262e-01,11
1.015720e+01,6.065881e+25,1.887392e-01,11
1.015720e+01,6.065881e+25,2.212216e-01,11
1.015720e+01,6.065881e+25,2.592944e-01,11
1.015720e+01,6.065881e+25,3.039195e-01,11
1.015720e+01,6.065881e+25,3.562248e-01,11
1.015720e+01,6.065881e+25,4.175319e-01,11
1.015720e+01,6.065881e+25,4.893901e-01,11
1.015720e+01,6.065881e+25,5.736153e-01,11
1.015720e+01,6.065881e+25,6.723358e-01,11
1.015720e+01,6.065881e+25,7.880463e-01,11
1.015720e+01,6.065881e+25,9.236709e-01,11
1.015720e+01,6.065881e+25,1.000000e+00,11
1.015720e+01,6.065881e+25,1.082637e+00,11
1.015720e+01,6.065881e+25,1.268961e+00,11
1.015720e+01,6.065881e+25,1.487352e+00,11
1.015720e+01,6.065881e+25,1.743329e+00,11
1.015720e+01,6.065881e+25,2.043360e+00,11
1.015720e+01,6.065881e+25,2.395027e+00,11
1.015720e+01,6.065881e+25,2.807216e+00,11
1.015720e+01,6.065881e+25,3.290345e+00,11
1.015720e+01,6.065881e+25,3.856620e+00,11
1.015720e+01,6.065881e+25,4.520354e+00,11
1.015720e+01,6.065881e+25,5.298317e+00,11
1.015720e+01,6.065881e+25,6.210169e+00,11
1.015720e+01,6.065881e+25,7.278954e+00,11
1.015720e+01,6.065881e+25,8.531679e+00,11
1.015720e+01,6.065881e+25,1.000000e+01,11
1.095139e+01,6.540169e+25,1.000000e-01,11
1.095139e+01,6.540169e+25,1.172102e-01,11
1.095139e+01,6.540169e+25,1.373824e-01,11
1.095139e+01,6.540169e+25,1.610262e-01,11
1.095139e+01,6.540169e+25,1.887392e-01,11
1.095139e+01,6.540169e+25,2.212216e-01,11
1.095139e+01,6.540169e+25,2.592944e-01,11
1.095139e+01,6.540169e+25,3.039195e-01,11
1.095139e+01,6.540169e+25,3.562248e-01,11
1.095139e+01,6.540169e+25,4.175319e-01,11
1.095139e+01,6.540169e+25,4.893901e-01,11
1.095139e+01,6.540169e+25,5.736153e-01,11
1.095139e+01,6.540169e+25,6.723358e-01,11
1.095139e+01,6.540169e+25,7.880463e-01,11
1.095139e+01,6.540169e+25,9.236709e-01,11
1.095139e+01,6.540169e+25,1.000000e+00,11
1.095139e+01,6.540169e+25,1.082637e+00,11
1.095139e+01,6.540169e+25,1.268961e+00,11
1.095139e+01,6.540169e+25,1.487352e+00,11
1.095139e+01,6.540169e+25,1.743329e+00,11
1.095139e+01,6.540169e+25,2.043360e+00,11
1.095139e+01,6.540169e+25,2.395027e+00,11
1.095139e+01,6.540169e+25,2.807216e+00,11
1.095139e+01,6.540169e+25,3.290345e+00,11
1.095139e+01,6.540169e+25,3.856620e+00,11
1.095139e+01,6.540169e+25,4.520354e+00,11
1.095139e+01,6.540169e+25,5.298317e+00,11
1.095139e+01,6.540169e+25,6.210169e+00,11
1.095139e+01,6.540169e+25,7.278954e+00,11
1.095139e+01,6.540169e+25,8.531679e+00,11
1.095139e+01,6.540169e+25,1.000000e+01,11
1.180767e+01,7.051542e+25,1.000000e-01,11
1.180767e+01,7.051542e+25,1.172102e-01,11
1.180767e+01,7.051542e+25,1.373824e-01,11
1.180767e+01,7.051542e+25,1.610262e-01,11
1.180767e+01,7.051542e+25,1.887392e-01,11
1.180767e+01,7.051542e+25,2.212216e-01,11
1.180767e+01,7.051542e+25,2.592944e-01,11
1.180767e+01,7.051542e+25,3.039195e-01,11
1.180767e+01,7.051542e+25,3.562248e-01,11
1.180767e+01,7.051542e+25,4.175319e-01,11
1.180767e+01,7.051542e+25,4.893901e-01,11
1.180767e+01,7.051542e+25,5.736153e-01,11
1.180767e+01,7.051542e+25,6.723358e-01,11
1.180767e+01,7.051542e+25,7.880463e-01,11
1.180767e+01,7.051542e+25,9.236709e-01,11
1.180767e+01,7.051542e+25,1.000000e+00,11
1.180767e+01,7.051542e+25,1.082637e+00,11
1.180767e+01,7.051542e+25,1.268961e+00,11
1.180767e+01,7.051542e+25,1.487352e+00,11
1.180767e+01,7.051542e+25,1.743329e+00,11
1.180767e+01,7.051542e+25,2.043360e+00,11
1.180767e+01,7.051542e+25,2.395027e+00,11
1.180767e+01,7.051542e+25,2.807216e+00,11
1.180767e+01,7.051542e+25,3.290345e+00,11
1.180767e+01,7.051542e+25,3.856620e+00,11
1.180767e+01,7.051542e+25,4.520354e+00,11
1.180767e+01,7.051542e+25,5.298317e+00,11
1.180767e+01,7.051542e+25,6.210169e+00,11
1.180767e+01,7.051542e+25,7.278954e+00,11
1.180767e+01,7.051542e+25,8.531679e+00,11
1.180767e+01,7.051542e+25,1.000000e+01,11
1.273091e+01,7.602898e+25,1.000000e-01,12
1.273091e+01,7.602898e+25,1.172102e-01,12
1.273091e+01,7.602898e+25,1.373824e-01,12
1.273091e+01,7.602898e+25,1.610262e-01,12
1.273091e+01,7.602898e+25,1.887392e-01,12
1.273091e+01,7.602898e+25,2.212216e-01,12
1.273091e+01,7.602898e+25,2.592944e-01,12
1.273091e+01,7.602898e+25,3.039195e-01,12
1.273091e+01,7.602898e+25,3.562248e-01,12
1.273091e+01,7.602898e+25,4.175319e-01,12
1.273091e+01,7.602898e+25,4.893901e-01,12
1.273091e+01,7.602898e+25,5.736153e-01,12
1.273091e+01,7.602898e+25,6.723358e-01,12
1.273091e+01,7.602898e+25,7.880463e-01,12
1.273091e+01,7.602898e+25,9.236709e-01,12
1.273091e+01,7.602898e+25,1.000000e+00,12
1.273091e+01,7.602898e+25,1.082637e+00,12
1.273091e+01,7.602898e+25,1.268961e+00,12
1.273091e+01,7.602898e+25,1.487352e+00,12
1.273091e+01,7.602898e+25,1.743329e+00,12
1.273091e+01,7.602898e+25,2.043360e+00,12
1.273091e+01,7.602898e+25,2.395027e+00,12
1.273091e+01,7.602898e+25,2.807216e+00,12
1.273091e+01,7.602898e+25,3.290345e+00,12
1.273091e+01,7.602898e+25,3.856620e+00,12
1.273091e+01,7.602898e+25,4.520354e+00,12
1.273091e+01,7.602898e+25,5.298317e+00,12
1.273091e+01,7.602898e+25,6.210169e+00,12
1.273091e+01,7.602898e+25,7.278954e+00,12
1.273091e+01,7.602898e+25,8.531679e+00,12
1.273091e+01,7.602898e+25,1.000000e+01,12
1.372633e+01,8.197365e+25,1.000000e-01,12
1.372633e+01,8.197365e+25,1.172102e-01,12
1.372633e+01,8.197365e+25,1.373824e-01,12
1.372633e+01,8.197365e+25,1.610262e-01,12
1.372633e+01,8.197365e+25,1.887392e-01,12
1.372633e+01,8.197365e+25,2.212216e-01,12
1.372633e+01,8.197365e+25,2.592944e-01,12
1.372633e+01,8.197365e+25,3.039195e-01,12
1.372633e+01,8.197365e+25,3.562248e-01,12
1.372633e+01,8.197365e+25,4.175319e-01,12
1.372633e+01,8.197365e+25,4.893901e-01,12
1.372633e+01,8.197365e+25,5.736153e-01,12
1.372633e+01,8.197365e+25,6.723358e-01,12
1.372633e+01,8.197365e+25,7.880463e-01,12
1.372633e+01,8.197365e+25,9.236709e-01,12
1.372633e+01,8.197365e+25,1.000000e+00,12
1.372633e+01,8.197365e+25,1.082637e+00,12
1.372633e+01,8.197365e+25,1.268961e+00,12
1.372633e+01,8.197365e+25,1.487352e+00,12
1.372633e+01,8.197365e+25,1.743329e+00,12
1.372633e+01,8.197365e+25,2.043360e+00,12
1.372633e+01,8.197365e+25,2.395027e+00,12
1.372633e+01,8.197365e+25,2.807216e+00,12
1.372633e+01,8.197365e+25,3.290345e+00,12
1.372633e+01,8.197365e+25,3.856620e+00,12
1.372633e+01,8.197365e+25,4.520354e+00,12
1.372633e+01,8.197365e+25,5.298317e+00,12
1.372633e+01,8.197365e+25,6.210169e+00,12
1.372633e+01,8.197365e+25,7.278954e+00,12
1.372633e+01,8.197365e+25,8.531679e+00,12
1.372633e+01,8.197365e+25,1.000000e+01,12
1.479959e+01,8.838313e+25,1.000000e-01,13
1.479959e+01,8.838313e+25,1.172102e-01,13
1.479959e+01,8.838313e+25,1.373824e-01,13
1.479959e+01,8.838313e+25,1.610262e-01,13
1.479959e+01,8.838313e+25,1.887392e-01,13
1.479959e+01,8.838313e+25,2.212216e-01,13
1.479959e+01,8.838313e+25,2.592944e-01,13
1.479959e+01,8.838313e+25,3.039195e-01,13
1.479959e+01,8.838313e+25,3.562248e-01,13
1.479959e+01,8.838313e+25,4.175319e-01,13
1.479959e+01,8.838313e+25,4.893901e-01,13
1.479959e+01,8.838313e+25,5.736153e-01,13
1.479959e+01,8.838313e+25,6.723358e-01,13
1.479959e+01,8.838313e+25,7.880463e-01,13
1.479959e+01,8.838313e+25,9.236709e-01,13
1.479959e+01,8.838313e+25,1.000000e+00,13
1.479959e+01,8.838313e+25,1.082637e+00,13
1.479959e+01,8.838313e+25,1.268961e+00,13
1.479959e+01,8.838313e+25,1.487352e+00,13
1.479959e+01,8.838313e+25,1.743329e+00,13
1.479959e+01,8.838313e+25,2.043360e+00,13
1.479959e+01,8.838313e+25,2.395027e+00,13
1.479959e+01,8.838313e+25,2.807216e+00,13
1.479959e+01,8.838313e+25,3.290345e+00,13
1.479959e+01,8.838313e+25,3.856620e+00,13
1.479959e+01,8.838313e+25,4.520354e+00,13
1.479959e+01,8.838313e+25,5.298317e+00,13
1.479959e+01,8.838313e+25,6.210169e+00,13
1.479959e+01,8.838313e+25,7.278954e+00,13
1.479959e+01,8.838313e+25,8.531679e+00,13
1.479959e+01,8.838313e+25,1.000000e+01,13
1.595676e+01,9.529377e+25,1.000000e-01,13
1.595676e+01,9.529377e+25,1.172102e-01,13
1.595676e+01,9.529377e+25,1.373824e-01,13
1.595676e+01,9.529377e+25,1.610262e-01,13
1.595676e+01,9.529377e+25,1.887392e-01,13
1.595676e+01,9.529377e+25,2.212216e-01,13
1.595676e+01,9.529377e+25,2.592944e-01,13
1.595676e+01,9.529377e+25,3.039195e-01,13
1.595676e+01,9.529377e+25,3.562248e-01,13
1.595676e+01,9.529377e+25,4.175319e-01,13
1.595676e+01,9.529377e+25,4.893901e-01,13
1.595676e+01,9.529377e+25,5.736153e-01,13
1.595676e+01,9.529377e+25,6.723358e-01,13
1.595676e+01,9.529377e+25,7.880463e-01,13
1.595676e+01,9.529377e+25,9.236709e-01,13
1.595676e+01,9.529377e+25,1.000000e+00,13
1.595676e+01,9.529377e+25,1.082637e+00,13
1.595676e+01,9.529377e+25,1.268961e+00,13
1.595676e+01,9.529377e+25,1.487352e+00,13
1.595676e+01,9.529377e+25,1.743329e+00,13
1.595676e+01,9.529377e+25,2.043360e+00,13
1.595676e+01,9.529377e+25,2.395027e+00,13
1.595676e+01,9.529377e+25,2.807216e+00,13
1.595676e+01,9.529377e+25,3.290345e+00,13
1.595676e+01,9.529377e+25,3.856620e+00,13
1.595676e+01,9.529377e+25,4.520354e+00,13
1.595676e+01,9.529377e+25,5.298317e+00,13
1.595676e+01,9.529377e+25,6.210169e+00,13
1.595676e+01,9.529377e+25,7.278954e+00,13
1.595676e+01,9.529377e+25,8.531679e+00,13
1.595676e+01,9.529377e+25,1.000000e+01,13
1.720441e+01,1.027447e+26,1.000000e-01,14
1.720441e+01,1.027447e+26,1.172102e-01,14
1.720441e+01,1.027447e+26,1.373824e-01,14
1.720441e+01,1.027447e+26,1.610262e-01,14
1.720441e+01,1.027447e+26,1.887392e-01,14
1.720441e+01,1.027447e+26,2.212216e-01,14
1.720441e+01,1.027447e+26,2.592944e-01,14
1.720441e+01,1.027447e+26,3.039195e-01,14
1.720441e+01,1.027447e+26,3.562248e-01,14
1.720441e+01,1.027447e+26,4.175319e-01,14
1.720441e+01,1.027447e+26,4.893901e-01,14
1.720441e+01,1.027447e+26,5.736153e-01,14
1.720441e+01,1.027447e+26,6.723358e-01,14
1.720441e+01,1.027447e+26,7.880463e-01,14
1.720441e+01,1.027447e+26,9.236709e-01,14
1.720441e+01,1.027447e+26,1.000000e+00,14
1.720441e+01,1.027447e+26,1.082637e+00,14
1.720441e+01,1.027447e+26,1.268961e+00,14
1.720441e+01,1.027447e+26,1.487352e+00,14
1.720441e+01,1.027447e+26,1.743329e+00,14
1.720441e+01,1.027447e+26,2.043360e+00,14
1.720441e+01,1.027447e+26,2.395027e+00,14
1.720441e+01,1.027447e+26,2.807216e+00,14
1.720441e+01,1.027447e+26,3.290345e+00,14
1.720441e+01,1.027447e+26,3.856620e+00,14
1.720441e+01,1.027447e+26,4.520354e+00,14
1.720441e+01,1.027447e+26,5.298317e+00,14
1.720441e+01,1.027447e+26,6.210169e+00,14
1.720441e+01,1.027447e+26,7.278954e+00,14
1.720441e+01,1.027447e+26,8.531679e+00,14
1.720441e+01,1.027447e+26,1.000000e+01,14
1.854961e+01,1.107783e+26,1.000000e-01,14
1.854961e+01,1.107783e+26,1.172102e-01,14
1.854961e+01,1.107783e+26,1.373824e-01,14
1.854961e+01,1.107783e+26,1.610262e-01,14
1.854961e+01,1.107783e+26,1.887392e-01,14
1.854961e+01,1.107783e+26,2.212216e-01,14
1.854961e+01,1.107783e+26,2.592944e-01,14
1.854961e+01,1.107783e+26,3.039195e-01,14
1.854961e+01,1.107783e+26,3.562248e-01,14
1.854961e+01,1.107783e+26,4.175319e-01,14
1.854961e+01,1.107783e+26,4.893901e-01,14
1.854961e+01,1.107783e+26,5.736153e-01,14
1.854961e+01,1.107783e+26,6.723358e-01,14
1.854961e+01,1.107783e+26,7.880463e-01,14
1.854961e+01,1.107783e+26,9.236709e-01,14
1.854961e+01,1.107783e+26,1.000000e+00,14
1.854961e+01,1.107783e+26,1.082637e+00,14
1.854961e+01,1.107783e+26,1.268961e+00,14
1.854961e+01,1.107783e+26,1.487352e+00,14
1.854961e+01,1.107783e+26,1.743329e+00,14
1.854961e+01,1.107783e+26,2.043360e+00,14
1.854961e+01,1.107783e+26,2.395027e+00,14
1.854961e+01,1.107783e+26,2.807216e+00,14
1.854961e+01,1.107783e+26,3.290345e+00,14
1.854961e+01,1.107783e+26,3.856620e+00,14
1.854961e+01,1.107783e+26,4.520354e+00,14
1.854961e+01,1.107783e+26,5.298317e+00,14
1.854961e+01,1.107783e+26,6.210169e+00,14
1.854961e+01,1.107783e+26,7.278954e+00,14
1.854961e+01,1.107783e+26,8.531679e+00,14
1.854961e+01,1.107783e+26,1.000000e+01,14
2.000000e+01,1.194400e+26,1.000000e-01,15
2.000000e+01,1.194400e+26,1.172102e-01,15
2.000000e+01,1.194400e+26,1.373824e-01,15
2.000000e+01,1.194400e+26,1.610262e-01,15
2.000000e+01,1.194400e+26,1.887392e-01,15
2.000000e+01,1.194400e+26,2.212216e-01,15
2.000000e+01,1.194400e+26,2.592944e-01,15
2.000000e+01,1.194400e+26,3.039195e-01,15
2.000000e+01,1.194400e+26,3.562248e-01,15
2.000000e+01,1.194400e+26,4.175319e-01,15
2.000000e+01,1.194400e+26,4.893901e-01,15
2.000000e+01,1.194400e+26,5.736153e-01,15
2.000000e+01,1.194400e+26,6.723358e-01,15
2.000000e+01,1.194400e+26,7.880463e-01,15
2.000000e+01,1.194400e+26,9.236709e-01,15
2.000000e+01,1.194400e+26,1.000000e+00,15
2.000000e+01,1.194400e+26,1.082637e+00,15
2.000000e+01,1.194400e+26,1.268961e+00,15
2.000000e+01,1.194400e+26,1.487352e+00,15
2.000000e+01,1.194400e+26,1.743329e+00,15
2.000000e+01,1.194400e+26,2.043360e+00,15
2.000000e+01,1.194400e+26,2.395027e+00,15
2.000000e+01,1.194400e+26,2.807216e+00,15
2.000000e+01,1.194400e+26,3.290345e+00,15
2.000000e+01,1.194400e+26,3.856620e+00,15
2.000000e+01,1.194400e+26,4.520354e+00,15
2.000000e+01,1.194400e+26,5.298317e+00,15
2.000000e+01,1.194400e+26,6.210169e+00,15
2.000000e+01,1.194400e+26,7.278954e+00,15
2.000000e+01,1.194400e+26,8.531679e+00,15
2.000000e+01,1.194400e+26,1.000000e+01,15
